slug,peak_tvl,current_tvl,drawdown_from_peak,tvl_30d_change,tvl_90d_change,volatility,lifespan_days,consecutive_decline_days,data_points,label,name,category,avax_only
benqi-staked-avax,625812927.0,199478613.0,0.6812488135132434,-0.2387753133103595,-0.4752426382387554,0.593072692581075,1468,92,1470,alive,Benqi Staked Avax,Liquid Staking,True
benqi-lending,52942339.0,33173.0,0.9993734126480509,-0.3361216730038023,-0.5159270986852665,2.0505041847594483,1649,816,1651,alive,Benqi Lending,Lending,True
avant-avusd,135585614.0,110344124.0,0.1861664320817989,-0.016627166720299805,0.25908074042362206,0.20087296891677617,278,57,280,alive,Avant avUSD,Basis Trading,True
blackhole-clmm,158077917.0,45052175.0,0.715000198288291,-0.38824848561811104,-0.266251719074529,0.3472860770902601,229,110,231,alive,Blackhole CLMM,Dexs,True
pharaoh-v3,54716193.0,27287291.0,0.5012940501909554,-0.1606284929540704,-0.37012127072882356,0.36428657157011834,134,55,136,alive,Pharaoh V3,Dexs,True
xsy,37989380.0,20969298.0,0.4480221051251692,-0.001508929008482839,-0.0006004699860803822,0.29014270242036255,267,112,266,alive,XSY,Basis Trading,True
hypha,89655261.0,20250295.0,0.7741315481754049,-0.3025524313613995,-0.4357865680605033,0.6323357923631867,970,247,972,alive,Hypha,Liquid Staking,True
keyring,22362938.0,6224146.0,0.721675837047887,-0.012428916870819106,-0.016841871816836152,0.5558062478652716,208,61,210,alive,Keyring,Risk Curators,True
blackhole-amm,159490327.0,6188615.0,0.9611975527518982,-0.5518897718015098,-0.6815094496539101,0.8571800091789531,229,121,231,alive,Blackhole AMM,Dexs,True
avant-avbtc,33660779.0,5892714.0,0.8249382760868369,-0.30675931185034216,-0.6761037547068364,0.4886900448330952,251,68,253,alive,Avant avBTC,Onchain Capital Allocator,True
pharaoh-cl,59821759.0,5836584.0,0.9024337616016941,-0.04152651327482458,-0.18283152139671963,0.8320053775803363,802,125,804,alive,Pharaoh CL,Dexs,True
sierra-protocol,4285585.0,3756259.0,0.12351312597930038,-0.12344969145511281,-0.12344969145511281,0.036514707879800684,21,8,23,alive,Sierra Protocol,Yield,True
pharaoh-legacy,6381380.0,457203.0,0.9283535849612466,-0.22425883602515878,-0.6991160459508692,0.8784657280565004,714,196,716,alive,Pharaoh Legacy,Dexs,True
joe-lend,11470102.0,595549.0,0.9480781426355233,-0.11173720964224883,-0.13679523545176386,0.7705920213646282,1242,617,1244,alive,Joe Lend,Lending,True
arena-dex,10484947.0,1880130.0,0.8206829276294864,-0.2985418148145108,-0.5408727839803117,0.4758656923180995,295,96,297,alive,Arena DEX,Dexs,True
stable-jack-v1,12208969.0,1512012.0,0.8761556360737749,-0.34009943812918053,-0.4778437757924654,0.39621238267191755,610,237,612,alive,Stable Jack V1,Yield,True
suzaku,10318227.0,1388972.0,0.8653865630209531,-0.3493866362635237,-0.6576130804698853,0.4666490161474233,512,96,514,alive,Suzaku,Restaking,True
pumpspace,904489.0,446677.0,0.5061554092974044,6.626135354777027,3.9820205670436546,1.1137615805312666,110,9,112,alive,PumpSpace,Dexs,True
pharaoh-v3-legacy,8048425.0,793729.0,0.9013808291684398,-0.24950596155482646,-0.5482614099949006,0.7835554456233408,134,64,136,alive,Pharaoh V3 Legacy,Dexs,True
aquabank,865034.0,713303.0,0.17540466617497116,0.021404555842578856,-0.16172908712069128,0.05322824371720429,110,48,112,alive,AquaBank,Yield,True
yield-yak-staked-avax,4195352.0,440093.0,0.8950998628958905,-0.27857345422296825,-0.44501108479680396,0.5480299030925675,1214,426,1216,alive,Yield Yak Staked Avax,Liquid Staking,True
geode,4458586.0,437562.0,0.9018608141684381,-0.27787377235587196,-0.44737563321634116,0.5436825421413632,1245,424,1247,alive,Geode,Liquid Staking,True
fortifi,1653805.0,395702.0,0.7607323717125054,-0.1822020237091414,-0.3187881855319764,0.3266345808277413,665,236,667,alive,FortiFi,Yield Aggregator,True
salvor,4952545.0,272577.0,0.9449622365874515,-0.3974845269672856,-0.5865275369705464,0.5530163303212627,753,234,755,alive,Salvor,NFT Marketplace,True
snowball,963134.0,0.0,1.0,-0.9995114802149487,-0.9995274102079396,1.1981154039724062,1392,672,1385,alive,Snowball,Yield,True
seafi,5036291.0,237497.0,0.9528428758385884,-0.4061852267641448,-0.6876571590897135,0.9138005478465724,735,255,737,alive,SeaFi,Yield,True
arena-socialfi,2780347.0,183533.0,0.9339891747325064,-0.34459867229933616,-0.5536168577529806,0.4146889137102107,881,450,883,alive,Arena SocialFi,SoFi,True
colony,15191028.0,334107.0,0.9780062942415747,-0.3748037537073942,-0.6574112146178652,0.7598246300556302,863,456,865,alive,Colony,Yield,True
penguin-finance,27791653.0,11324.0,0.9995925395297646,-0.25222845823704193,-0.4339481181586445,4.136853072068175,1534,825,1536,alive,Penguin Finance,Yield,True
defrost,12105222.0,0.0,1.0,0.0,0.0,4.294740167564978,1519,287,1520,alive,Defrost,CDP,True
hubble-exchange,4744985.0,78174.0,0.9835249215750945,-0.017507038005228234,-0.03582881105081401,1.6141744811747964,1296,686,1298,alive,Hubble Exchange,Derivatives,True
nereus-finance,32414877.0,69906.0,0.997843397647321,-0.047692349607672185,0.08248683803034995,1.8479427862874904,1460,757,1462,alive,Nereus Finance,Lending,True
goldstation-dex-v3,254975.0,59753.0,0.7656515344641631,-0.10641543292956483,-0.10769644297105994,0.38031376725453886,413,163,415,alive,GOLDSTATION DEX V3,Dexs,True
hunnyswap,725059.0,58357.0,0.919514136090994,-0.049513013453206946,-0.0940027634173226,0.9932649674406602,1334,684,1336,alive,HunnySwap,Dexs,True
frost-finance,23971.0,2440.0,0.8982103374911351,-0.07886792452830188,-0.15565548253199585,0.7449531302222172,1554,825,1556,alive,Frost Finance,Yield,True
flair-dex,2773431.0,48761.0,0.9824185278090567,-0.03107737551166395,-0.03485541238643786,1.7320599063959385,1068,590,1070,alive,Flair Dex,Dexs,True
lydia,24602373.0,47543.0,0.9980675441348686,-0.13439900957652115,-0.26491233495160643,2.1098762082649016,1770,552,1772,alive,Lydia,Dexs,True
platypus-finance,100378733.0,0.0,1.0,0.0,-0.999731255038968,2.887915849968226,1499,715,1499,alive,Platypus Finance,Dexs,True
hurricaneswap,4280259.0,0.0,1.0,0.0,0.0,2.600909533025204,1531,799,1533,alive,HurricaneSwap,Dexs,True
axial,3457807.0,0.0,1.0,0.0,0.0,3.6644291558591475,1561,377,1563,alive,Axial,Dexs,True
hedgefarm,478480.0,36360.0,0.9240093629827788,0.0001925510260218958,0.0001925510260218958,1.0621538353168902,1224,545,1226,alive,HedgeFarm,Yield,True
joe-stek,116570480.0,32006.0,0.999725436491297,-0.35841000661494976,-0.6946100928373105,2.3689297650507144,696,423,698,alive,Joe Stek,Farm,True
excellion-finance,263530.0,29711.0,0.8872576177285318,-0.7859797735327168,-0.8507069712287331,0.2676745710085375,131,58,133,alive,Excellion Finance,Risk Curators,True
arena-launch,165470.0,26857.0,0.837692633105699,-0.3319071664883958,-0.5795619980901989,0.41922754547817287,292,97,294,alive,Arena Launch,Launchpad,True
hakuswap,408227.0,0.0,1.0,0.0,0.0,2.7186355939209297,1503,662,1504,alive,HakuSwap,Dexs,True
vector-finance,15102979.0,0.0,1.0,0.0,-0.9999954319752595,1.4360132468204987,1448,560,1132,alive,Vector Finance,Yield,True
cycle-finance,659545.0,0.0,1.0,0.0,0.0,2.9516192135720214,1534,459,1536,alive,Cycle Finance,Yield Aggregator,True
baguette,5376154.0,19592.0,0.9963557591542207,-0.33735795454545453,-0.4867045662937832,1.9153812573296365,1772,920,1774,alive,Baguette,Dexs,True
struct-finance,12471721.0,19348.0,0.9984486503506613,-0.22684408215455926,-0.33731762449482844,2.109078000305731,973,376,975,alive,Struct Finance,Yield,True
stabilize,305207.0,0.0,1.0,0.0,0.0,7.01307779751363,1561,168,1561,alive,Stabilize,CDP,True
boofinance,3720422.0,0.0,1.0,0.0,0.0,4.117317908457466,1510,364,1512,alive,BooFinance,Yield,True
sherpa-cash,1860372.0,13693.0,0.9926396441141879,-0.28780944456001667,-0.4478448449659288,2.361415803028741,1428,743,1430,alive,Sherpa Cash,Privacy,True
teddy-cash,106915466.0,13025.0,0.9998781747815606,-0.28628568297627527,-0.4437849609291601,4.17162370760277,1628,819,1630,alive,Teddy Cash,CDP,True
cavalre,2038485.0,11950.0,0.9941378033196222,-0.15174959188019022,-0.21571072319201995,1.6871293959484188,897,372,899,alive,CavalRe,Dexs,True
kuu-finance,3779376.0,11300.0,0.9970100884378796,-0.008336258336258336,-0.21564408661854526,3.1372599103025967,786,386,749,alive,Kuu Finance,Dexs,True
orcadao,3784094.0,18102.0,0.9952162921957013,0.00016574585635359117,0.01650850693469594,3.4607389819976464,1520,742,1522,dead,OrcaDAO,Lending,True
banksy-farm,36763.0,785.0,0.9786470092212278,-0.048426150121065374,-0.10068649885583524,1.8475629147148798,1518,739,1520,dead,Banksy Farm,Yield,True
solisnek-finance,13765557.0,9217.0,0.999330430290616,-0.07902887401338796,-0.13914830033619724,3.568422888123536,1051,576,1053,dead,SoliSnek Finance,Dexs,True
yetiswap,2987383.0,8976.0,0.9969953635004283,-0.24429665796784242,-0.3928716353307182,1.7811357321195718,1776,834,1777,dead,YetiSwap,Dexs,True
embr-finance,2233813.0,8693.0,0.9961084477527886,-0.023913775682047826,-0.04691953518965139,2.985330060631695,1526,801,1516,dead,Embr Finance,Dexs,True
glacier-exchange-v2,873205.0,196.0,0.9997755395353898,-0.3230240549828179,-0.4718498659517426,2.315000635699929,1060,458,1062,dead,Glacier Exchange V2,Dexs,True
moremoney,14232086.0,7483.0,0.9994742162181988,0.005508531506113127,-0.009266613714588298,2.4093344897785363,1491,728,1438,dead,Moremoney,Lending,True
alligator,189810.0,0.0,1.0,0.0,0.0,4.385522847220666,1488,480,1490,dead,Alligator,Dexs,True
baki,61197.0,5967.0,0.9024952203539389,0.00016758840288252054,-0.0005024284039524368,1.0739595637659685,847,241,848,dead,Baki,CDP,True
zabu-finance,15316257.0,5491.0,0.9996414920433889,-0.174755822689707,-0.2844299674267101,8.748863532881616,1643,856,1645,dead,Zabu Finance,Yield Aggregator,True
dripit,8423.0,4292.0,0.4904428350943844,-0.021649954421148587,-0.2496067121132669,0.22601220558957483,288,82,290,dead,dripit,Prediction Market,True
partyswap,902958.0,4256.0,0.9952866024776346,-0.2674238513164688,-0.608047141147224,2.541742814382706,1542,802,1544,dead,PartySwap,Dexs,True
avalps,397503.0,0.0,1.0,0.0,0.0,9.331002767732546,1518,50,1520,dead,Avalps,Reserve Currency,True
cryptoyieldfocus,824215.0,3377.0,0.9959027680884235,-0.0017730496453900709,-0.13561924257932445,4.723072503402208,765,386,728,dead,CryptoYieldFocus,Farm,True
blizzard,11610280.0,2535.0,0.9997816590125302,-0.027234369006520907,-0.3773631230051559,3.508313623199615,741,357,704,dead,Blizzard,Yield,True
glacier-exchange-v3,137903.0,2290.0,0.983394124855877,-0.00391304347826087,-0.006935413957520589,2.669236654894668,878,347,880,dead,Glacier Exchange V3,Dexs,True
subzero-zswap,110666.0,2093.0,0.9810872354652739,-0.27966976264189886,-0.44720168954593453,1.0427453985487622,1230,580,1232,dead,Subzero ZSwap,Dexs,True
spiritdao,1706023.0,0.0,1.0,0.0,0.0,10.776817165562345,1525,192,1527,dead,SpiritDAO,Reserve Currency,True
ara-finance,87701.0,0.0,1.0,0.0,0.0,2.3358968908478133,1521,453,1523,dead,Ara Finance,Reserve Currency,True
printyfinance,3300.0,1281.0,0.6118181818181818,-0.01156515034695451,0.7513661202185792,0.7302410413051909,1039,44,1041,dead,printyfinance,Dexs,True
mintswap,128253.0,1158.0,0.9909709714392646,-0.2409954158480681,-0.3396011396011396,2.172617798505268,1557,778,1559,dead,MintSwap,Farm,True
sierra,389656.0,6709.0,0.9827822489580553,0.0022404779686333084,0.007356252814892659,1.883736891670408,641,288,604,dead,Sierra,Reserve Currency,True
piratedao,349160.0,796.0,0.997720242868599,-0.014833127317676144,-0.014833127317676144,4.6421415103494414,1520,616,1522,dead,PirateDAO,Reserve Currency,True
swift-finance,1302919.0,765.0,0.9994128568237933,-0.0103359173126615,-0.019206145966709345,4.530300131534154,1569,673,1571,dead,Swift Finance,Yield,True
north-pole,160730.0,689.0,0.9957133080321036,-0.1686746987951807,-0.24175824175824176,3.7147396300482476,1393,700,1395,dead,North Pole,CDP,True
hot-takes,17266.0,563.0,0.967392563419437,-0.29234629861982436,-0.4470588235294118,1.0615867254640357,838,440,840,dead,Hot Takes,SoFi,True
grave-finance,17982599.0,383.0,0.9999787016326172,-0.09004739336492891,-0.17419354838709677,34.907933042029136,1455,733,1457,dead,Grave Finance,Algo-Stables,True
onavax,943087.0,331.0,0.9996490249574005,-0.3794392523364486,-0.12169312169312169,2.5498015503751352,1316,657,1318,dead,onAVAX,Dexs,True
spicy-dao,95061.0,0.0,1.0,0.0,0.0,15.94487260197277,1523,17,1525,dead,Spicy DAO,Reserve Currency,True
avaware,7746.0,0.0,1.0,0.0,0.0,2.4329102190391754,1425,215,1421,dead,Avaware,Yield,True
the-dragons-lair,18411.0,248.0,0.9865297919721905,-0.17549668874172186,-0.3064066852367688,3.0741486356100265,1568,738,1570,dead,The Dragon's Lair,Yield,True
apexswap,117485.0,69.0,0.9994126909818275,-0.014084507042253521,-0.21348314606741572,3.5150842570431338,384,159,347,dead,ApexSwap,Dexs,True
life-dao,18066514.0,0.0,1.0,0.0,0.0,2.27605967158235,1539,262,1541,dead,Life DAO,Reserve Currency,True
gondola-finance,25220375.0,66.0,0.9999973830682534,-0.18292682926829268,-0.25555555555555554,5.261249220552465,1764,627,1766,dead,Gondola Finance,Dexs,True
tarina,136155.0,51.0,0.9996254269031618,-0.08771929824561403,-0.14754098360655737,1.468513790017094,1405,524,1407,dead,Tarina,Dexs,True
amogus-dao,54036.0,44.0,0.9991857280331631,0.0,0.0,17.410535130475772,1518,157,1520,dead,Amogus DAO,Reserve Currency,True
avaviking,3888.0,0.0,1.0,0.0,0.0,10.32376665096765,1519,70,1521,dead,AvaViking,Yield,True
treehouse-finance,24967.0,29.0,0.9988384667761445,0.0,0.034482758620689655,6.221741500215235,595,188,558,dead,TreeHouse Finance,Yield,True
butterfly-finance,27.0,0.0,1.0,0.0,0.0,8.837440353405505,799,10,801,dead,Butterfly Finance,Farm,True
reservoir,124652.0,16.0,0.9998716426531463,-0.2608695652173913,-0.2916666666666667,2.3639052081238985,884,31,886,dead,Reservoir,Dexs,True
noaharkdao,111562.0,0.0,1.0,0.0,0.0,3.7897696742387277,1491,265,1493,dead,NoahArkDAO,Reserve Currency,True
coup-farm,999.0,4.0,0.995995995995996,0.0,0.0,5.787083803775999,1519,17,1521,dead,Coup Farm,Yield,True
papa-dao,18778979.0,0.0,1.0,0.0,0.0,5.712693762091326,1535,83,1537,dead,Papa DAO,Reserve Currency,True
tornadao,3482553.0,0.0,1.0,0.0,0.0,8.942062325154152,1542,79,1544,dead,Tornadao,Reserve Currency,True
crocodile-finance,0.0,0.0,0.0,0.0,0.0,0.0,243,0,245,dead,Crocodile Finance,Algo-Stables,True
gaia-dao,9570.0,4.0,0.9995820271682341,0.0,0.0,2.122535236973092,1494,151,1496,dead,Gaia DAO,Reserve Currency,True
tempodao,990705.0,3.0,0.9999969718533771,0.0,0.0,4.47606886429804,1535,87,1537,dead,TempoDAO,Reserve Currency,True
baymax,608853.0,2.0,0.9999967151348519,-0.25,-0.25,3.3609052964923745,1144,113,1146,dead,BayMax,Derivatives,True
sashimidao,0.0,0.0,0.0,0.0,0.0,0.0,639,0,602,dead,SashimiDAO,Reserve Currency,True
magnet-dao,10299268.0,0.0,1.0,0.0,0.0,5.407864626114344,1512,78,1514,dead,Magnet DAO,Algo-Stables,True
maximizer,31406212.0,0.0,1.0,0.0,0.0,2.103279329194024,683,184,646,dead,Maximizer,Reserve Currency,True
deepseadao,471284.0,4638.0,0.9901588002138838,0.002160293799956794,0.007164567954841511,3.6587942586576103,650,293,613,dead,DeepSeaDAO,Reserve Currency,True
snowdog,93261943.0,0.0,1.0,0.0,0.0,9.968719704710923,692,162,655,dead,Snowdog,Reserve Currency,True
lama-miner,23170.0,0.0,1.0,0.0,-0.5,2.4292512788912837,676,218,678,dead,Lama Miner,Ponzi,True
meow-miner,33751.0,0.0,1.0,0.0,0.0,2.968339506599766,712,212,714,dead,Meow Miner,Ponzi,True
swing-dao,1335.0,0.0,1.0,0.0,0.0,6.1360380946018145,650,11,613,dead,Swing DAO,Reserve Currency,True
valhalladao,57523.0,0.0,1.0,0.0,0.0,10.436142196959787,1521,12,1523,dead,ValhallaDAO,Reserve Currency,True
zeroshift,491368.0,0.0,1.0,0.0,0.0,6.848222347882612,1493,17,1495,dead,ZeroShift,Reserve Currency,True
piggybank-dao,1433975.0,19093.0,0.98668526299273,0.002204492966617678,0.007280016881198565,2.1630857945772917,692,329,655,dead,Piggybank DAO,Reserve Currency,True
grape-finance,0.0,0.0,0.0,0.0,0.0,0.0,1496,0,1498,dead,Grape Finance,Algo-Stables,True
cesta-finance,96263.0,0.0,1.0,0.0,0.0,1.3708489466652263,1489,295,1490,dead,Cesta Finance,Reserve Currency,True
snowtomb,0.0,0.0,0.0,0.0,0.0,0.0,1487,0,1489,dead,Snowtomb,Algo-Stables,True
icecream-finance,0.0,0.0,0.0,0.0,0.0,0.0,1483,0,1485,dead,IceCream Finance,Algo-Stables,True
projectx,0.0,0.0,0.0,0.0,0.0,0.0,609,0,572,dead,ProjectX,Yield,True
thor-financial,0.0,0.0,0.0,0.0,0.0,0.0,609,0,572,dead,Thor Financial,Yield,True
vaporfi,0.0,0.0,0.0,0.0,0.0,0.0,1475,0,1477,dead,VaporFi,Yield,True
arable-protocol,0.0,0.0,0.0,0.0,0.0,0.0,1469,0,1471,dead,Arable Protocol,Synthetics,True
snowyowl,0.0,0.0,0.0,0.0,0.0,0.0,1452,0,1454,dead,Snowyowl,Algo-Stables,True
echidna-finance,3919041.0,0.0,1.0,0.0,0.0,1.6533434124954667,1199,372,1139,dead,Echidna Finance,Yield,True
polar-bear-finance,0.0,0.0,0.0,0.0,0.0,0.0,1444,0,1446,dead,Polar Bear Finance,Algo-Stables,True
yeti-finance,739903639.0,0.0,1.0,0.0,0.0,2.5309995865668835,1149,454,884,dead,Yeti Finance,CDP,True
steakhut,0.0,0.0,0.0,0.0,0.0,0.0,1372,0,1372,dead,SteakHut,Farm,True
frozen-walrus-finance,0.0,0.0,0.0,0.0,0.0,0.0,1326,0,1328,dead,Frozen Walrus Finance,Algo-Stables,True
champion-finance,0.0,0.0,0.0,0.0,0.0,0.0,1277,0,1275,dead,Champion Finance,Algo-Stables,True
emdx,212083.0,0.0,1.0,0.0,0.0,2.0531719871090326,1191,146,1193,dead,EMDX,Derivatives,True
freebie-life-finance,0.0,0.0,0.0,0.0,0.0,0.0,1180,0,1182,dead,Freebie Life Finance,Yield Lottery,True
subzero+,0.0,0.0,0.0,0.0,0.0,0.0,1108,0,1110,dead,Subzero+,Reserve Currency,True
arrow-markets,0.0,0.0,0.0,0.0,0.0,0.0,566,0,568,dead,Arrow Markets,Options,True
cleopatra-dao,810279.0,86.0,0.9998938637185464,0.011627906976744186,0.011627906976744186,3.7396308327021646,633,99,596,dead,Cleopatra DAO,Yield Aggregator,True
kandyland-finance,330215.0,74.0,0.999775903577972,0.0,-0.9456521739130435,3.9391670988872285,637,235,600,dead,Kandyland Finance,Reserve Currency,True
hermes-finance,0.0,0.0,0.0,0.0,0.0,0.0,1504,0,1506,dead,Hermes Finance,Algo-Stables,True
crabada,0.0,0.0,0.0,0.0,0.0,0.0,1504,0,1506,dead,Crabada,Gaming,True
avalaunch,0.0,0.0,0.0,0.0,0.0,0.0,1648,0,1650,dead,Avalaunch,Dexs,True
smartcoin,0.0,0.0,0.0,0.0,0.0,0.0,1582,0,1584,dead,SmartCoin,Yield,True
snowbank,68674707.0,0.0,1.0,0.0,0.0,4.112927580932432,1569,55,1571,dead,Snowbank,Reserve Currency,True
blizz-finance,1299896382.0,0.0,1.0,0.0,0.0,2.7753895550591343,703,108,666,dead,Blizz Finance,Lending,True
everestdao,0.0,0.0,0.0,0.0,0.0,0.0,687,0,650,dead,EverestDAO,DAO Service Provider,True
fortress,0.0,0.0,0.0,0.0,0.0,0.0,1549,0,1551,dead,Fortress,Reserve Currency,True
r-u-generous,7402159.0,0.0,1.0,0.0,0.0,2.953613536802258,1548,148,1550,dead,R U Generous,Reserve Currency,True
vikingsfinance,162642265.0,0.0,1.0,0.0,0.0,19.263376333334993,675,68,638,dead,VikingsFinance,Reserve Currency,True
midasdao,115021864.0,0.0,1.0,0.0,0.0,3.2098733173214824,674,90,637,dead,MidasDAO,Reserve Currency,True
o2-dao,0.0,0.0,0.0,0.0,0.0,0.0,1540,0,1542,dead,O2 DAO,Reserve Currency,True
ice-dao,42339467.0,0.0,1.0,0.0,0.0,11.008230877105118,1535,104,1537,dead,Ice DAO,Reserve Currency,True
ragnarokdao,2509757.0,0.0,1.0,0.0,0.0,8.1582180488878,1529,97,1531,dead,RagnarokDAO,Reserve Currency,True
vortex-dao,1729229.0,0.0,1.0,0.0,0.0,5.598129570237493,1270,186,861,dead,Vortex DAO,Reserve Currency,True
cakedao,470525.0,0.0,1.0,0.0,0.0,5.532145471101355,661,40,624,dead,CakeDAO,Reserve Currency,True
snowcatdao,50385.0,0.0,1.0,0.0,0.0,17.68743370474019,1520,5,1522,dead,SnowCatDAO,Reserve Currency,True
agarthadao,1859300.0,0.0,1.0,0.0,0.0,5.481349818419661,654,24,617,dead,AgarthaDAO,Reserve Currency,True
louverture,16209147.0,0.0,1.0,0.0,0.0,2.911231472112499,651,107,614,dead,Louverture,Yield,True
piggy-finance,0.0,0.0,0.0,0.0,0.0,0.0,653,0,616,dead,Piggy Finance,Yield,True
chikn-farm,0.0,0.0,0.0,0.0,0.0,0.0,1511,0,1513,dead,Chikn Farm,Services,True
karma-dao,196531.0,0.0,1.0,0.0,0.0,0.7473823316359223,1508,484,1510,dead,Karma DAO,Reserve Currency,True
aave-v3,1406243239.0,404340758.0,0.7124674119055444,-0.2335142361326576,-0.346165635231444,0.6322408081132003,1443,698,1445,alive,Aave V3,Lending,False
pendle,7226783.0,432832.0,0.9401072372036078,-0.3555177353118979,-0.5687939404626344,1.1371428560676158,1560,744,1562,alive,Pendle,Yield,False
curve-dex,1448711155.0,2356067.0,0.9983736806389124,-0.07730373689033704,-0.18176343643881496,2.216450383095674,1603,796,1598,alive,Curve DEX,Dexs,False
spark-liquidity-layer,10966637.0,9999414.0,0.08819686472708087,0.00014903092391671272,9999414.0,0.7696175289403683,119,9,121,alive,Spark Liquidity Layer,Onchain Capital Allocator,False
uniswap-v3,35280276.0,4467883.0,0.8733603161154408,-0.2179667868802646,-0.14980329651969757,0.7210290535941538,956,147,946,alive,Uniswap V3,Dexs,False
spark-savings,225033476.0,152032215.0,0.3244017836706215,-0.09979335339093746,50677404.333333336,0.8589357866773988,124,33,126,alive,Spark Savings,Yield,False
uniswap-v2,296586.0,139270.0,0.5304228790300284,-0.08785407865867637,3.54643684914961,0.9098450709346875,733,233,730,alive,Uniswap V2,Dexs,False
uniswap-v4,1427227.0,661356.0,0.5366147081017946,-0.06856111926403939,0.45795379392443014,0.7331644896036443,391,15,390,alive,Uniswap V4,Dexs,False
euler-v2,183971539.0,43443419.0,0.7638579356560147,-0.16917653516975234,-0.21363477470599787,0.5875889066403723,371,152,373,alive,Euler V2,Lending,False
tornado-cash,360667.0,42213.0,0.8829585185226261,-0.2842294453770114,-0.44935627356090946,0.4655289127279959,1372,375,1374,alive,Tornado Cash,Privacy,False
mev-capital,204885561.0,204885561.0,0.0,2.057042311880098,7.695836938639183,1.2026437526067135,399,0,401,alive,MEV Capital,Risk Curators,False
upshift,14099094.0,1250157.0,0.9113306855036217,1250157.0,-0.5942713157513827,0.5977296914276009,447,151,449,alive,Upshift,Onchain Capital Allocator,False
gmx-v2-perps,68011626.0,10977824.0,0.838589008296905,-0.30450924419387737,-0.3399240762292216,0.595264344515595,930,231,932,alive,GMX V2 Perps,Derivatives,False
k3-capital,164902619.0,15845188.0,0.9039118475128646,0.01285793266048493,-0.014693667904425493,0.6221333217664836,876,47,878,alive,K3 Capital,Risk Curators,False
multipli.fi,18919187.0,15968.0,0.9991559891024916,-0.1760061919504644,-0.15855200758773316,1.1207751247358044,193,72,195,alive,Multipli.fi,Yield,False
pinksale,2085763.0,49962.0,0.9760461759078093,-0.28550795103535065,-0.4855274674355146,0.8548221706195683,1331,351,1270,alive,PinkSale,Launchpad,False
treehouse-protocol,8581408.0,7364383.0,0.14182113238293761,9.038185096989382,7.403981755044238,1.444189172526629,178,8,180,alive,Treehouse Protocol,DOR,False
stake-dao,124425201.0,209764.0,0.9983141357352519,0.0,-0.09262559586119787,2.8685492051197765,1583,775,1568,alive,Stake DAO,Yield,False
beefy,12874764.0,28.0,0.9999978252028542,-0.21621621621621623,-0.9975004309601793,1.7064499627593663,1500,689,1502,alive,Beefy,Yield Aggregator,False
aave-v2,3666600913.0,11590222.0,0.996838973677526,-0.21693206235992543,-0.26175545823880664,2.332005301021641,1617,846,1619,alive,Aave V2,Lending,False
uncx-network-v2,3405861.0,93849.0,0.9724448531516701,-0.23653254803703042,-0.3496188496188496,1.3713507779897638,1354,388,1336,alive,UNCX Network V2,Token Locker,False
homora-v2,679064663.0,397914.0,0.9994140263487691,-0.0780297132476969,-0.11833067446601081,2.417723377557627,1489,725,1484,alive,Homora V2,Leveraged Farming,False
aura,2212655.0,0.0,1.0,0.0,0.0,0.9929323234343522,691,260,693,alive,Aura,Yield,False
lagoon,84730703.0,5820785.0,0.9313025291434204,-0.7644716758988451,-0.8715659026509653,0.992593321355841,217,75,219,alive,Lagoon,Onchain Capital Allocator,False
re7-labs,213924703.0,19940023.0,0.906789525845456,-0.020487890759282094,-0.09666288917575572,0.8525759484248111,399,159,401,alive,Re7 Labs,Risk Curators,False
balancer-v3,30796388.0,971400.0,0.9684573398672598,0.3022072081129812,0.5308670964773073,0.8473790768621926,322,120,324,alive,Balancer V3,Dexs,False
balancer-v2,28884163.0,132783.0,0.9954029133542834,-0.8872797530721667,-0.8891214908944247,0.9317925741521254,931,413,926,alive,Balancer V2,Dexs,False
sushiswap-v3,404338.0,32759.0,0.9189811494343841,-0.33698973912691504,-0.425142135186355,0.706607948219377,1053,102,988,alive,SushiSwap V3,Dexs,False
thorchain-dex,15241273.0,940516.0,0.9382915062278591,-0.2625432037586486,-0.3738527498718435,0.7496383711005744,1056,378,1054,alive,Thorchain DEX,Dexs,False
sushiswap,257358630.0,53149.0,0.9997934827365221,-0.11164967407655023,-0.1911182808790406,4.700171458636158,1715,761,1684,alive,SushiSwap,Dexs,False
zerobase-cedefi,128583.0,15845.0,0.876772201612966,-0.09554794520547945,-0.23163458274741794,0.7627034991758028,265,55,267,alive,ZEROBASE CeDeFi,Basis Trading,False
solv-strategies,26060457.0,12770815.0,0.509954295889746,-0.2682976494145867,-0.3001015527764792,0.31592194815912433,294,102,296,alive,Solv Strategies,Onchain Capital Allocator,False
tulipa-capital,55361130.0,5569431.0,0.8993981697989185,-0.7704706647254005,-0.8738730671765522,0.48388448962072644,89,48,91,alive,Tulipa Capital,Risk Curators,False
silo-v2,79620153.0,12349283.0,0.8448975223647209,-0.49436648615800205,-0.6872671635515615,0.37564442457908004,240,77,242,alive,Silo V2,Lending,False
team-finance,5439785.0,409190.0,0.924778277082642,-0.36652346562013793,-0.5944419886655341,0.7002322496480737,1335,154,1235,alive,Team Finance,Token Locker,False
ipor-fusion,457095.0,321851.0,0.2958772246469552,-0.2758078343222427,321851.0,1.768967340257913,154,24,156,alive,IPOR Fusion,Yield Aggregator,False
superform,587967.0,6893.0,0.988276552935794,-0.5104736206774125,-0.6148172980221254,1.7664644266101006,761,156,763,alive,Superform,Yield Aggregator,False
yieldfi,9150146.0,23427.0,0.9974397129838147,-0.187993899902953,-0.21282171897049929,1.5270533322756168,192,35,182,alive,YieldFi,Yield Aggregator,False
vesper,4148360.0,0.0,1.0,0.0,0.0,1.3222541769063456,1418,421,1420,alive,Vesper,Yield Aggregator,False
spectra-v2,6185192.0,5871107.0,0.05078015363144749,10.790557284867958,16.103369922393902,0.6869923233808333,236,7,238,alive,Spectra V2,Yield,False
joe-v2.2,120203944.0,28825290.0,0.7601968035258477,-0.1583186000426136,-0.34605751527731476,0.43581543400059275,614,92,616,alive,Joe V2.2,Dexs,False
vfat.io,47372882.0,1019103.0,0.9784876292727979,-0.5526831880470183,-0.7935168893647129,0.9799395445487676,217,102,199,alive,vfat.io,Yield Aggregator,False
steer-protocol,28802.0,1459.0,0.9493437955697521,-0.36769164140320487,0.03840682788051209,2.2688593196041955,973,41,940,alive,Steer Protocol,Liquidity manager,False
dxsale,42806237.0,28044.0,0.9993448618246916,-0.19538086357767895,-0.33172091693275507,5.896180616485957,1320,316,1219,alive,DxSale,Launchpad,False
40-acres,1645799.0,1645689.0,6.683683730516302e-05,0.08318035849097585,0.250430248788275,0.2500415448616725,224,1,226,alive,40 Acres,Lending,False
ankr,1863867.0,117043.0,0.9372042103862561,-0.2792235783872994,-0.576031992117884,0.6407933479711801,1441,333,1436,alive,Ankr,Liquid Staking,False
contango-v2,11309950.0,4730338.0,0.5817542959960035,-0.1556455064817859,-0.3183495788912749,0.43247040930822084,451,43,431,alive,Contango V2,Derivatives,False
dodo-amm,4250240.0,2754048.0,0.3520252973949706,-0.11928685890004916,-0.2708185670542415,0.5553464724604664,879,76,868,alive,DODO AMM,Dexs,False
termfinance-vaults,7901472.0,1372353.0,0.8263167926178818,0.022453912038002826,0.06751371580189505,1.397270157840911,337,48,332,alive,TermFinance Vaults,Yield,False
yield-yak-aggregator,22054054.0,776119.0,0.9648083295706087,-0.3630539793943711,-0.5654075326299922,0.9537519580166046,1594,759,1505,alive,Yield Yak Aggregator,Yield Aggregator,False
folks-finance-xchain,13331819.0,4090981.0,0.6931415735542165,-0.3218188464238676,-0.3745906577711695,0.4589116115651778,509,129,493,alive,Folks Finance xChain,Lending,False
frax-swap,2351400.0,205577.0,0.9125725099940462,-0.14569602473424811,-0.25103558326016545,0.8048478756740367,1249,407,1251,alive,Frax Swap,Dexs,False
joe-dex,397266721.0,74856.0,0.9998115724372493,-0.3669865967612363,-0.5825460913014867,3.1120205486749746,1596,825,1584,alive,Joe DEX,Dexs,False
flokifi-locker,1043792.0,94002.0,0.9099418274905345,-0.277133541471217,-0.4449089738820292,0.8698725897551505,1099,349,1050,alive,FlokiFi Locker,Token Locker,False
acryptos,369488.0,116175.0,0.6855784220326506,0.0007321842347813353,-0.00021514444798237536,0.392534730397424,1331,515,1333,alive,ACryptoS,Liquidity manager,False
abracadabra-spell,684609904.0,43225.0,0.9999368618541049,-0.1264121582021382,-0.4892958412098299,3.75187020890025,1620,832,1614,alive,Abracadabra Spell,CDP,False
mux-perps,5534754.0,372136.0,0.9327637687239577,-0.20714119835265393,-0.26254305202706185,0.730012241104264,1206,369,1208,alive,MUX Perps,Derivatives,False
bifi,2064888.0,1985.0,0.9990386887811833,-0.2775554747180793,-0.40162699608315755,1.4439936411227134,1675,813,1666,alive,BiFi,Lending,False
bitbond-lockers,0.0,0.0,0.0,0.0,0.0,0.0,348,0,339,alive,Bitbond Lockers,Token Locker,False
royco-v2,3431061.0,3431061.0,0.0,0.3978893108420226,0.3978893108420226,0.13446310950488824,6,0,8,alive,Royco V2,Yield,False
turtle-club,84511122.0,5785995.0,0.9315356977511197,-0.7644594268869709,-0.8716515300696538,0.49204838626464387,126,74,128,alive,Turtle Club,Onchain Capital Allocator,False
woofi-earn,15226357.0,1062236.0,0.930237022552407,-0.15433521455747445,-0.23752095990628339,0.8100134613941602,1197,223,1199,alive,WOOFi Earn,Yield,False
balanced-exchange,3465977.0,1995779.0,0.4241799642640445,-0.21193318383684745,-0.2180835371594263,0.2926289388131178,677,96,679,alive,Balanced Exchange,Dexs,False
woofi-swap,10378854.0,1011645.0,0.9025282560097676,-0.27067551005695334,-0.32394725745304903,0.5618451363356564,1446,659,1448,alive,WOOFi Swap,Dexs,False
autofarm,7501342.0,55656.0,0.9925805275909297,-0.26158887680101894,-0.37697155586401443,1.9222420611063584,1622,799,1610,alive,Autofarm,Yield Aggregator,False
angle,102942.0,96.0,0.9990674360319404,-0.039603960396039604,-0.0761904761904762,8.486849423607076,1096,301,1098,alive,Angle,CDP,False
gamma,342906.0,1021.0,0.9970225076259966,-0.2762039660056657,-0.4331669439822518,1.0048107275941347,951,310,860,alive,Gamma,Liquidity manager,False
deltaprime,50181029.0,2586911.0,0.9484484265956363,-0.3850460553653288,-0.5183418928150438,0.6935201089312957,1141,272,1069,alive,DeltaPrime,Leveraged Farming,False
joe-v2.1,378702055.0,2554584.0,0.9932543698501979,-0.25402708306991295,-0.3860357277103175,0.8267535701843888,1054,371,1056,alive,Joe V2.1,Dexs,False
parallel-protocol-v3,2395532.0,2347913.0,0.019878256687867246,0.6255953407124771,1173956.0,1.1563642211930643,161,2,163,alive,Parallel Protocol V3,CDP,False
ribbon,22016073.0,76254.0,0.9965364395366967,-0.21739175056703305,-0.49887953525356676,2.0237437786630017,1535,784,1520,alive,Ribbon,Options Vault,False
qidao,4856034.0,124794.0,0.9743012507737796,-0.26851927833722145,-0.31171889649999446,1.201597427214021,1561,731,1562,alive,QiDao,CDP,False
wombat-exchange,0.0,0.0,0.0,0.0,0.0,0.0,822,0,824,alive,Wombat Exchange,Dexs,False
gmx-v1-perps,125879544.0,1841748.0,0.9853689651115991,-0.31073970478274116,-0.35341904331594487,0.6093338139741309,1529,607,1531,alive,GMX V1 Perps,Derivatives,False
guru-network-classic,14115.0,64.0,0.9954658165072617,-0.2857142857142857,-0.4396551724137931,1.6611672597653167,1039,532,1039,alive,Guru Network Classic,Yield,False
sushi-bentobox,456632.0,0.0,1.0,0.0,0.0,1.173217214280189,1177,462,1001,alive,Sushi BentoBox,Yield,False
dexalot-dex,1076689.0,494794.0,0.5404485417794739,-0.0765476568186484,-0.07590090300409948,0.6312932075118952,1095,221,751,alive,Dexalot DEX,Dexs,False
core-bridge,3541586.0,926343.0,0.7384383719610367,0.06252458899812234,1.458339193826181,0.768365059497151,462,199,464,alive,CORE Bridge,Canonical Bridge,False
empiredex,266262.0,24726.0,0.9071365797597855,-0.2728636123037111,-0.32916440586001083,0.594335684400782,1562,801,1553,alive,EmpireDEX,Dexs,False
omnibtc,70761.0,0.0,1.0,0.0,0.0,1.2550147492955506,865,285,864,alive,OmniBTC,Lending,False
gyroscope-protocol,2690279.0,15900.0,0.9940898323185068,-0.9844402106212858,-0.98444031720186,0.3061631228409187,384,180,358,alive,Gyroscope Protocol,Dexs,False
gro,3724668.0,25544.0,0.993141939093632,0.00023493480559144838,0.0009011832928453883,2.3759141189165462,1533,795,1535,alive,Gro,Yield,False
pangolin-v2,26671722.0,356877.0,0.9866196490800256,-0.2950697270177379,-0.6931960811958611,0.8219868111476993,1225,364,1144,alive,Pangolin V2,Dexs,False
apex-pro,428840.0,0.0,1.0,0.0,0.0,1.0372916969247445,883,47,885,alive,ApeX Pro,Derivatives,False
bridgers,159793.0,16098.0,0.8992571639558679,-0.1293602293007409,-0.5041426679397543,0.8871951918976777,615,191,615,alive,Bridgers,Dexs,False
termfinance-lend,7800142.0,0.0,1.0,0.0,-0.9999989988767397,1.9708461563285105,992,124,991,alive,TermFinance Lend,Lending,False
cian-automation,9958364.0,930631.0,0.9065478024301984,-0.2436210660463695,-0.44495650042375334,0.48980385279521255,713,371,715,alive,CIAN Automation,Yield,False
dforce-lending,0.0,0.0,0.0,0.0,0.0,0.0,1331,0,1333,alive,dForce Lending,Lending,False
kyberswap-classic,66549551.0,67188.0,0.9989904064116075,-0.14677384535283883,-0.26255076281418066,1.93434743398431,1633,720,1623,alive,KyberSwap Classic,Dexs,False
kine-finance,764816.0,897.0,0.9988271688876802,-0.2693246541903987,-0.4334384858044164,0.9582054277666335,1474,805,1476,alive,Kine Finance,Yield,False
thetanuts-finance,6704453.0,41729.0,0.9937759277304203,-0.26741920193810015,-0.37475652512660695,2.346524316800741,1510,767,1493,alive,Thetanuts Finance,Yield,False
opyn-gamma,20733184.0,18194.0,0.9991224695637679,-0.2724037269564522,-0.44429173538574307,2.701478204717656,1836,798,1838,alive,Opyn Gamma,Options,False
defiedge,782.0,778.0,0.005115089514066497,-0.001282051282051282,0.0,0.09435021911936776,381,59,376,alive,DefiEdge,Liquidity manager,False
impermax-v2,8003003.0,0.0,1.0,-0.9999930173936724,-0.9999943421953413,2.0832673271523534,881,94,881,alive,Impermax V2,Lending,False
gmd-protocol,3317514.0,228888.0,0.9310061690772066,-0.0053882822243176655,-0.007462816009713369,1.2389524739704263,978,531,980,alive,GMD Protocol,Yield Aggregator,False
phuture,4992311.0,794936.0,0.8407679329272555,-0.44040550234097986,-0.5953788088942277,0.6310184647903622,1265,233,1257,alive,Phuture,Indexes,False
pooltogether-v4,72205.0,16053.0,0.7776746762689565,0.0001869042427263099,-0.005266745151496375,0.6232454900568951,853,416,855,alive,PoolTogether V4,Yield Lottery,False
mint-club-v2,0.0,0.0,0.0,0.0,0.0,0.0,182,0,184,alive,Mint Club V2,Launchpad,False
clearpool-lending,624342.0,46.0,0.9999263224322567,0.0,0.0,9.779479892565451,648,11,647,alive,Clearpool Lending,Uncollateralized Lending,False
umami-finance,28723.0,0.0,1.0,0.0,0.0,2.0406545048892095,545,38,537,alive,Umami Finance,Yield,False
ajna-v2,192.0,106.0,0.4479166666666667,-0.10833333333333334,-0.2074074074074074,0.1495134017234267,293,60,295,alive,Ajna V2,Lending,False
hashflow,8927359.0,10150.0,0.9988630456106896,-0.04280999528524281,-0.10736897643334506,2.1293058424817066,1463,686,1371,alive,Hashflow,DEX Aggregator,False
tarot,97426.0,90.0,0.9990762219530721,0.625,0.421875,3.1219676106351204,1053,473,1052,alive,Tarot,Lending,False
bim,0.0,0.0,0.0,0.0,0.0,0.0,123,0,125,alive,BIM,Yield Aggregator,False
beta-finance-v1,1606.0,810.0,0.49564134495641343,-0.2653985507246377,-0.301464254952627,0.2691710751023932,816,79,818,alive,Beta Finance V1,Lending,False
radioshack,2357799.0,1046.0,0.9995563659158393,-0.18774243599689683,-0.19708588957055215,4.131334843918429,1420,697,1420,alive,RadioShack,Dexs,False
secured-finance-lending,4706.0,201.0,0.9572885677858054,-0.0776255707762557,-0.13304721030042918,0.8562339243073471,726,304,726,alive,Secured Finance Lending,Lending,False
antfarm-finance,733662.0,19199.0,0.9738312738018324,-0.7624027026692571,-0.7909703548060488,0.5520380487976361,768,387,770,alive,Antfarm finance,Liquidity manager,False
cytonic-airdrop-campaign,117604.0,2999.0,0.9744991666950104,-0.39807383627608345,-0.6182720447894134,0.8528327346632246,458,234,459,alive,Cytonic Airdrop Campaign,Farm,False
vapordex-v1,3203044.0,397000.0,0.8760554022985635,-0.26016019261876544,-0.45220387347459173,0.5097694446956704,1174,380,1176,alive,VaporDex V1,Dexs,False
88mph,7117.0,47.0,0.9933960938597723,-0.30434782608695654,-0.37662337662337664,3.556564347304709,1592,636,1564,alive,88mph,Lending,False
ante-finance,36192.0,4808.0,0.8671529619805481,-0.2827740492170022,-0.4482560807709959,0.5094044450211773,1265,378,1267,alive,Ante Finance,Insurance,False
prime-protocol,1206826.0,30787.0,0.9744892801447764,-0.19977127410718928,-0.2384297622875801,0.7111843128182475,1014,327,1016,alive,Prime Protocol,Lending,False
pangolin-v3,1351559.0,346462.0,0.7436575095870769,-0.18504797322249744,-0.45843324340124614,0.4026216127872826,204,74,206,alive,Pangolin V3,Dexs,False
iron-finance,4264974.0,29.0,0.9999932004274821,0.0,0.0,5.160718844636623,1629,161,1631,alive,Iron Finance,CDP,False
jarvis-network,1207.0,322.0,0.7332228666114333,0.0,0.0,0.6570294414180305,1116,285,1092,alive,Jarvis Network,Derivatives,False
napier,0.0,0.0,0.0,0.0,0.0,0.0,347,0,349,alive,Napier,Yield,False
clovis,7459.0,1233.0,0.834696339991956,-0.4476275738585497,-0.8319487947705297,0.4181343534680177,155,14,157,alive,Clovis,Yield Aggregator,False
sushi-trident,127587.0,0.0,1.0,0.0,0.0,2.163284938848712,1110,100,1016,alive,Sushi Trident,Dexs,False
diamondswap,92.0,41.0,0.5543478260869565,-0.14285714285714285,-0.25,0.17472308703010966,429,150,431,alive,Diamondswap,Dexs,False
dyson,2125.0,0.0,1.0,0.0,0.0,1.7475211876193923,987,101,988,alive,Dyson,Liquidity manager,False
onx-finance,883.0,0.0,1.0,0.0,-0.875,2.458071404879738,1449,360,1451,alive,OnX Finance,Yield Aggregator,False
voltz,371600.0,739.0,0.9980113024757804,0.0,-0.009370816599732263,2.0292197167845476,985,230,987,alive,Voltz,Derivatives,False
elk,4296380.0,42701.0,0.9900611677738003,-0.24494739633984616,-0.42864406326099175,1.443809468248518,1682,787,1624,alive,Elk,Dexs,False
iron-bank,121431584.0,53843.0,0.9995565980593648,-0.15607661201843204,-0.28308368284401836,2.808061293544196,1494,770,1496,alive,Iron Bank,Lending,False
openocean,819784.0,0.0,1.0,0.0,0.0,7.134907819571904,1569,351,1571,alive,OpenOcean,DEX Aggregator,False
balmy,7677.0,41.0,0.9946593721505796,-0.25,-0.3333333333333333,1.7442832959609194,598,194,600,alive,Balmy,DCA Tools,False
impossible-finance,1242123.0,2.0,0.9999983898535009,0.0,-0.25,3.996348709718233,1278,159,1280,alive,Impossible Finance,Launchpad,False
joe-v2,31762453.0,93530.0,0.9970553281889154,-0.20636900519295387,-0.31279756656674307,2.314791381391622,1195,562,1197,alive,Joe V2,Dexs,False
granary-finance,91390.0,449.0,0.9950869898238319,-0.08163265306122448,-0.13957934990439771,1.5130510347561092,1356,519,1357,alive,Granary Finance,Lending,False
xave-finance,1487310.0,11921.0,0.9919848585701703,0.019497178040020522,0.033639674007282815,1.3431638792216438,845,415,846,alive,Xave Finance,Dexs,False
float,973912.0,16478.0,0.9830806068720788,0.006597031335898846,0.01955082596052713,2.089111044857216,1538,640,1540,alive,Float,Derivatives,False
sushi-kashi,6185.0,0.0,1.0,0.0,0.0,3.0342775349187434,1272,132,1261,alive,Sushi Kashi,Lending,False
varlamore-capital,70350756.0,16.0,0.9999997725681867,-0.9999990191081201,-0.9999942550740369,1.526777756264787,211,1,213,alive,Varlamore Capital,Risk Curators,False
nested,231259.0,5585.0,0.9758495885565535,-0.1839298758217677,-0.3014007003501751,0.8391919322882274,1421,725,1423,alive,Nested,Indexes,False
insurace,14001463.0,9994.0,0.9992862174474196,-0.09743543435073145,-0.1271504672081041,1.3971112432897301,1603,746,1605,alive,InsurAce,Insurance,False
cook-finance,218286.0,117.0,0.999464005937165,-0.24358974358974358,117.0,2.5825358879683837,1516,358,1516,alive,Cook Finance,Indexes,False
kyberswap-elastic,0.0,0.0,0.0,0.0,0.0,0.0,129,0,131,alive,KyberSwap Elastic,Dexs,False
domani-protocol,2071.0,752.0,0.6368903911154031,-0.2292732855680655,-0.30726770929162833,0.19212988600845055,1042,517,1042,alive,Domani Protocol,Indexes,False
xdollar,561.0,0.0,1.0,0.0,0.0,7.6633721511664,1312,1,1314,alive,xDollar,CDP,False
olive-cash,6464833.0,23396.0,0.9963810356740846,-0.27655298228255154,-0.34362901868372325,2.2869840493064593,1779,895,1761,alive,Olive Cash,Yield,False
revest-finance,14985.0,6.0,0.9995995995995997,-0.3,-0.4166666666666667,3.496318583497394,1530,265,1494,alive,Revest Finance,NFT Lending,False
stonedefi,20930.0,11650.0,0.44338270425226944,-0.21149160801299405,-0.25419280501856356,0.34222125500857353,1510,106,1507,alive,StoneDefi,Yield Aggregator,False
token-mill,174203.0,38101.0,0.7812839044103718,-0.29198178946390413,-0.4556312774134556,0.3909219296828783,225,93,227,alive,Token Mill,Launchpad,False
yieldwolf,4537259.0,39889.0,0.9912085688738509,-0.08504977292536355,-0.1845204023223485,2.2205846865926686,1499,766,1495,alive,YieldWolf,Yield,False
bitbond-sales,0.0,0.0,0.0,0.0,0.0,0.0,348,0,350,alive,Bitbond Sales,Launchpad,False
steakhut-liquidity,1175229.0,7171.0,0.9938982104764263,-0.13911895330692595,-0.3577505149100027,0.8762720843059467,728,224,730,alive,SteakHut Liquidity,Liquidity manager,False
ordernchaos,1007727.0,14656.0,0.9854563785628448,-0.000681802686302584,-0.0008861622358554874,2.0422582218338605,1310,656,1312,alive,OrderNChaos,Algo-Stables,False
complus-network,5217645.0,56948.0,0.9890854973843564,-0.17319027846337,-0.3055169386112534,1.997568431540285,1832,954,1833,alive,Complus Network,Dexs,False
oddz,858234.0,64.0,0.9999254282631543,64.0,-0.5075757575757576,3.7223192234232205,1434,790,1436,alive,Oddz,Options,False
definitive-yield-vaults,1035965.0,5858.0,0.9943453688107223,-0.29196374622356497,-0.4479412041835485,1.1099123704781708,746,245,745,alive,Definitive Yield Vaults,Yield,False
stable-jack-v2,1043645.0,38843.0,0.9627814055545708,-0.24882520160120672,-0.5301204819277109,0.7429551170716396,300,90,302,alive,Stable Jack V2,Yield,False
cougarswap,0.0,0.0,0.0,0.0,0.0,0.0,1537,0,1503,alive,CougarSwap,Yield,False
chaingpt,20019.0,0.0,1.0,0.0,0.0,8.703462051925282,698,3,614,alive,ChainGPT,Launchpad,False
risk-harbor,339998.0,1734.0,0.9948999699998236,0.0005767012687427913,-0.0017261219792865361,2.0282960078361656,1326,353,1305,alive,Risk Harbor,Insurance,False
bxh,253697.0,3261.0,0.9871460837140368,-0.0018359853121175031,-0.0045773573390296,2.674593320650859,1369,636,1371,alive,BXH,Dexs,False
eulerdebt,36460.0,2903.0,0.920378496982995,-0.17757009345794392,-0.7774030354131535,0.772788658544332,88,47,90,alive,EulerDebt,Secondary Debt Markets,False
wowswap,2219.0,83.0,0.9625957638575935,83.0,83.0,0.7491451313542772,1238,557,1240,alive,WOWswap,Dexs,False
poolside,2662592.0,182.0,0.9999316455544072,-0.28515625,-0.44376899696048633,2.727817823444533,859,369,861,alive,Poolside,Dexs,False
0.exchange,62732959.0,20971.0,0.9996657100137745,-0.2841343528126707,-0.44340348735369833,4.475824248729486,1847,792,1564,alive,0.exchange,Dexs,False
button-wrappers,1340212.0,112.0,0.9999164311317911,-0.2848101265822785,-0.43781094527363185,2.6324108135104236,813,369,815,alive,Button Wrappers,CDP,False
emiswap,5.0,2.0,0.6,0.5,0.0,0.38021575853851547,1361,92,1342,alive,EmiSwap,Dexs,False
dexpad,0.0,0.0,0.0,0.0,0.0,0.0,1335,0,1335,alive,DexPad,Launchpad,False
kewl-exchange,235.0,0.0,1.0,0.0,0.0,1.9824050512310312,347,7,349,alive,KEWL EXCHANGE,Dexs,False
tranche-finance,141.0,34.0,0.7588652482269503,-0.2708333333333333,-0.3269230769230769,0.33995151223017156,1468,468,1455,alive,Tranche Finance,Yield,False
kalmy-app,92551.0,0.0,1.0,0.0,0.0,2.2260657181247385,1337,389,1338,alive,Kalmy App,Yield,False
pyreswap,101148.0,5210.0,0.9484913196504132,-0.24346689895470383,-0.25354533734422,0.9021119480708175,701,329,703,alive,PyreSwap,Dexs,False
fractal-protocol,1069891.0,0.0,1.0,0.0,0.0,2.246600861045541,1221,70,1223,alive,Fractal Protocol,Yield,False
mushrooms-finance,21867.0,14817.0,0.3224036218960077,-0.15063624899690473,-0.18254537430352513,0.26117254568833237,1418,112,1418,alive,Mushrooms Finance,Yield Aggregator,False
grim-finance,42412.0,20.0,0.9995284353484862,-0.16,-0.27586206896551724,3.182667041802003,1080,319,1081,alive,Grim Finance,Yield,False
omni-exchange-v3,59132.0,45.0,0.9992389907325983,-0.08,-0.38666666666666666,2.422139057916325,223,73,225,alive,Omni Exchange V3,Dexs,False
canary,245201.0,11384.0,0.9535727831452563,-0.5004607081742793,-0.6696936288731578,0.5035779776665869,809,233,811,alive,Canary,Dexs,False
swapsicle-v1,3229283.0,24341.0,0.9924624134831168,-0.1717027358105349,-0.2624530359956369,1.7650305148110725,1364,701,1366,alive,Swapsicle V1,Dexs,False
createmytoken,35.0,8.0,0.7714285714285715,-0.25,-0.4375,0.2966417091067201,389,117,391,alive,CreateMyToken,Launchpad,False
growth-defi,236472.0,22285.0,0.90576051287256,-0.003443187407771766,-0.005533244087460955,1.1032915957704865,1573,662,1575,alive,Growth DeFi,Yield,False
topshelf,1676453.0,1940.0,0.998842794877041,-0.2768256333830104,-0.44352064220183485,2.719651615261699,1530,776,1532,alive,TopShelf,CDP,False
singular-farm,5574382.0,3748.0,0.9993276384718521,-0.13835899793151,-0.24063196273040308,3.7539251096610426,1621,830,1623,alive,Singular Farm,Yield,False
waterfall-defi,5359904.0,8878.0,0.9983436270500368,-0.2767777144253482,-0.44422884326489737,0.8962903899824938,1413,748,1415,alive,Waterfall DeFi,Yield Aggregator,False
apex-defi,363254.0,17537.0,0.9517224861942333,-0.38755412767146247,-0.56785925487877,0.574633118648592,545,222,547,alive,Apex DeFi,Dexs,False
vapordex-v2,40743.0,17125.0,0.579682399430577,-0.32096268982197373,-0.39247960269599147,0.30481964748099144,859,367,861,alive,VaporDex V2,Dexs,False
abacus,31223498.0,0.0,1.0,0.0,0.0,0.9761868674047263,547,107,549,alive,Abacus,Governance Incentives,False
gaj-finance,2473.0,27.0,0.9890820865345734,-0.034482758620689655,-0.3333333333333333,2.01331719917308,1534,435,1428,alive,Gaj Finance,Yield,False
yel-finance,0.0,0.0,0.0,0.0,0.0,0.0,254,0,256,alive,Yel Finance,Yield,False
magic-square,22264.0,308.0,0.9861660079051383,-0.037383177570093455,-0.3807615230460922,1.9450085468526186,148,89,150,alive,Magic Square,Farm,False
coinscope,0.0,0.0,0.0,0.0,0.0,0.0,959,0,954,alive,Coinscope,Token Locker,False
dexvaults,12741.0,4.0,0.9996860529000864,-0.16666666666666666,-0.2857142857142857,3.9210682693242958,586,56,555,alive,dexVAULTS,Yield,False
vee-finance,0.0,0.0,0.0,0.0,0.0,0.0,531,0,533,alive,Vee Finance,Lending,False
fwx-dex,153955.0,863.0,0.9943944659153648,-0.024830699774266364,-0.07296137339055794,1.0938021852529538,565,284,567,alive,FWX DEX,Dexs,False
thorusfi,8823439.0,0.0,1.0,0.0,0.0,4.525637341190879,1509,184,1511,alive,ThorusFi,Dexs,False
aperture-lm,3637993.0,12644.0,0.9965244573037936,-0.05217000224870699,-0.07538754021643755,3.12276004542937,1225,592,1227,alive,Aperture LM,Liquidity manager,False
etha-lend,217.0,12.0,0.9447004608294931,-0.07142857142857142,-0.23529411764705882,1.5486788700548788,1214,175,1207,alive,ETHA Lend,Yield,False
antimatter,46638.0,5420.0,0.8837857541060937,-0.28331570597567424,-0.444,0.5243991429694131,1475,371,1477,alive,Antimatter,Options,False
stryke-ssov,363404.0,0.0,1.0,0.0,0.0,4.560060967113914,1551,66,1553,alive,Stryke SSOV,Options,False
stormswap,35390422.0,7940.0,0.9997756455122236,-0.16401726497526056,-0.20811727163940966,9.83961619402298,1634,817,1568,dead,StormSwap,Yield,False
spice-trade,378757.0,2393.0,0.993681964953783,-0.13166485310119697,-0.2153392330383481,3.001366101023381,1357,679,1359,dead,Spice Trade,Algo-Stables,False
magik-farm,1732884.0,6946.0,0.9959916532208735,-0.013070038357721267,-0.06714113065664026,2.478084051080333,1291,765,1289,dead,Magik Farm,Yield Aggregator,False
mozaic,551521.0,1188.0,0.9978459569082592,0.0,0.0,6.941332561711847,889,104,891,dead,Mozaic,Yield,False
brokkr-finance,190763.0,6532.0,0.9657585590497109,-0.005025890953396284,-0.007444545730780918,0.7337913725120611,1054,520,1052,dead,Brokkr Finance,Indexes,False
omni-exchange-v2,21300.0,9.0,0.9995774647887324,-0.2857142857142857,-0.9917763157894737,1.4719582055398044,223,92,220,dead,Omni Exchange V2,Dexs,False
baklava-space,32999503.0,0.0,1.0,0.0,0.0,1.2433725281302224,916,374,918,dead,Baklava Space,Yield,False
uno-farm,1375.0,106.0,0.9229090909090909,-0.29605263157894735,-0.465,0.5910845249641588,1114,363,1110,dead,UNO farm,Yield Aggregator,False
native-swap,1276330.0,1.0,0.9999992165035688,0.0,0.0,1.3586512419092633,900,229,902,dead,Native Swap,Dexs,False
nord-finance,706793.0,101.0,0.9998571010182613,0.0,0.0,6.7140722726355655,1406,87,1408,dead,Nord Finance,Yield Aggregator,False
dexfinance-etf,713.0,11.0,0.9845722300140253,-0.25,-0.8899082568807339,0.6368860545212671,605,251,607,dead,DexFinance ETF,Yield,False
monroe-protocol,435730.0,3643.0,0.9916393179262387,-0.28939157566302653,-0.4366980986242078,1.4226881838473278,668,231,670,dead,Monroe Protocol,CDP,False
robo-vault,6425117.0,1778.0,0.9997232735217118,-0.11580516898608349,-0.18244485294117646,2.592107756007687,1330,606,1319,dead,Robo-Vault,Yield,False
elasticswap,2461355.0,1973.0,0.9991984090064212,0.0,0.0010141987829614604,2.8240842436370963,1313,562,1315,dead,ElasticSwap,Dexs,False
envelop,0.0,0.0,0.0,0.0,0.0,0.0,698,0,700,dead,Envelop,NftFi,False
the-ennead-farm,459.0,0.0,1.0,0.0,0.0,3.8326284888350792,951,94,953,dead,The Ennead Farm,Yield,False
leech-protocol,2432.0,9.0,0.9962993421052632,0.0,0.0,3.2451091901083373,897,34,888,dead,Leech Protocol,Yield Aggregator,False
unifi,20384.0,142.0,0.9930337519623234,-0.26666666666666666,-0.3672566371681416,1.3129454667729425,1474,709,1474,dead,UniFi,Dexs,False
oh-finance,3508975.0,2662.0,0.9992413739054852,0.0030131826741996233,0.01024279210925645,2.594541768888486,1553,632,1536,dead,Oh Finance,Yield,False
goldlink,200448.0,15.0,0.9999251676245211,0.0,0.0,2.0737653593054572,539,29,541,dead,GoldLink,Leveraged Farming,False
atlantis-loans,16556.0,2774.0,0.832447451075139,-0.003590664272890485,-0.1557651353818071,0.48301466962808,402,111,362,dead,Atlantis Loans,Lending,False
stackfi,4302.0,2781.0,0.35355648535564854,-0.3390354003326206,-0.3390354003326206,0.14074459082489776,29,19,31,dead,StackFi,Lending,False
soulswap,40530.0,0.0,1.0,0.0,0.0,1.5094639518688402,1225,245,1225,dead,SoulSwap,Dexs,False
2pi-network,0.0,0.0,0.0,0.0,0.0,0.0,1051,0,1045,dead,2Pi Network,Yield,False
fwx-derivatives,416126.0,1651.0,0.9960324517093381,-0.6789739603575593,-0.48615863141524107,0.8985881068545408,772,358,774,dead,FWX Derivatives,Derivatives,False
archly-v2,1141.0,94.0,0.9176161262050833,-0.08653846153846154,-0.15178571428571427,0.9055147235165127,728,301,728,dead,Archly V2,Dexs,False
whaleswap,10.0,1.0,0.9,0.0,-0.3333333333333333,0.5289398967706878,1154,65,1155,dead,WhaleSwap,Dexs,False
ferdyflip,273936.0,1155.0,0.9957836867005432,1155.0,1155.0,1.1499244936049906,984,299,986,dead,FerdyFlip,Luck Games,False
symphony-finance,11848.0,352.0,0.9702903443619176,-0.6154684095860566,-0.5451030927835051,1.484282821152739,1003,472,1002,dead,Symphony Finance,Dexs,False
kassandra-dao,667166.0,658.0,0.9990137387097064,-0.22470588235294117,-0.40415913200723325,1.5853025442878717,1481,771,1480,dead,Kassandra DAO,Indexes,False
kayak-v2,56190.0,788.0,0.985976152340274,-0.2626168224299065,-0.4098728496634256,2.1494528872972842,603,306,605,dead,Kayak V2,Dexs,False
omni-exchange-flux,893.0,12.0,0.986562150055991,-0.2777777777777778,-0.4090909090909091,1.6179829980187987,223,64,225,dead,Omni Exchange Flux,Dexs,False
steadefi,721344.0,3.0,0.9999958410966197,-0.2,-0.3333333333333333,3.342734035589958,1049,263,1050,dead,Steadefi,Leveraged Farming,False
defi-yield-protocol,1098212.0,0.0,1.0,0.0,0.0,3.918389256247313,1643,173,1638,dead,Defi Yield Protocol,Yield,False
vaultlayer,0.0,0.0,0.0,0.0,0.0,0.0,252,0,254,dead,VaultLayer,Liquid Staking,False
deficurrent,56754.0,137.0,0.9975860732283187,0.014705882352941176,0.022222222222222223,1.3733413113448354,460,68,460,dead,DefiCurrent,Yield Aggregator,False
augmented-finance,66420.0,0.0,1.0,0.0,0.0,0.6934353819302412,882,37,551,dead,Augmented Finance,Lending,False
return-finance,127014.0,0.0,1.0,0.0,0.0,4.0473527201928485,713,43,715,dead,Return Finance,Yield Aggregator,False
monocerus,15042.0,196.0,0.9869698178433719,-0.010050251256281407,-0.010050251256281407,3.2622473885295964,865,117,867,dead,Monocerus,Dexs,False
incognito,217.0,58.0,0.7327188940092166,-0.03278688524590164,-0.06349206349206349,0.29163719042667574,698,163,700,dead,Incognito,Dexs,False
aboard-exchange,164297.0,6.0,0.999963480769582,-0.36363636363636365,-0.36363636363636365,1.3036828984443516,1376,387,1378,dead,Aboard Exchange,Derivatives,False
flashliquidity,1782.0,0.0,1.0,0.0,0.0,0.6228810768116312,827,122,829,dead,FlashLiquidity,Dexs,False
securo-finance,35.0,15.0,0.5714285714285714,-0.30434782608695654,-0.3333333333333333,0.4707033580252811,1307,104,1309,dead,Securo Finance,Indexes,False
rubydex,52.0,0.0,1.0,0.0,0.0,3.7079766259000095,847,2,849,dead,RubyDex,Derivatives,False
genius,4003.0,1.0,0.9997501873594804,0.0,0.0,6.554847800691841,1092,11,1094,dead,Genius,Yield,False
rehold-v2,130841.0,0.0,1.0,-0.5,-0.5,1.3362530169927243,942,229,943,dead,ReHold V2,Yield,False
crypto-lottery,6.0,2.0,0.6666666666666666,0.5,0.5,0.6596850639938043,932,10,664,dead,Crypto Lottery,Luck Games,False
futureswap,50848.0,0.0,1.0,0.0,-0.9999684243763814,0.2268901836440206,1312,343,1314,dead,FutureSwap,Derivatives,False
dumpex,0.0,0.0,0.0,0.0,0.0,0.0,696,0,698,dead,DumpEX,Farm,False
multi-chain-miner,174064.0,0.0,1.0,0.0,0.0,2.955114358050879,1596,454,1598,dead,Multi-Chain Miner,Ponzi,False
zkex,6222.0,0.0,1.0,0.0,0.0,2.3164397867114515,711,150,713,dead,ZKEX,Dexs,False
donaswap-v2,0.0,0.0,0.0,0.0,0.0,0.0,559,0,519,dead,DONASWAP V2,Dexs,False
nodo,2015.0,0.0,1.0,0.0,0.0,1.700346235061232,412,8,414,dead,NODO,Prediction Market,False
rehold-v1,96396.0,0.0,1.0,0.0,0.0,1.9174740251667315,1052,168,1053,dead,ReHold V1,Yield,False
cables-finance,539068.0,0.0,1.0,-0.9999971810896217,-0.9999963854420062,0.5464009049480262,483,65,485,dead,Cables Finance,Dexs,False
tokensfarm,187.0,0.0,1.0,0.0,0.0,2.4221612593727073,1406,12,1400,dead,TokensFarm,Yield,False
ripae,0.0,0.0,0.0,0.0,0.0,0.0,1447,0,1448,dead,Ripae,Algo-Stables,False
volta-dao,0.0,0.0,0.0,0.0,0.0,0.0,1469,0,1471,dead,Volta DAO,Reserve Currency,False
0x-nodes,249472.0,0.0,1.0,0.0,0.0,2.524414566709426,1195,76,753,dead,0x NODES,Yield Aggregator,False
zeroswap,121415.0,21.0,0.9998270394926492,-0.18518518518518517,-0.18518518518518517,1.6973031745730853,1302,670,1304,dead,ZeroSwap,Dexs,False
betswirl,703021.0,896.0,0.9987255003762334,-0.38979591836734695,-0.806805944432479,0.880444420066223,973,307,975,dead,BetSwirl,Prediction Market,False
cryptoblades,0.0,0.0,0.0,0.0,0.0,0.0,1295,0,1296,dead,CryptoBlades,Gaming,False
wolf-safe-poor-people,0.0,0.0,0.0,0.0,0.0,0.0,1289,0,1291,dead,Wolf Safe Poor People,Yield,False
dypius,0.0,0.0,0.0,0.0,0.0,0.0,1049,0,1051,dead,Dypius,Yield,False
vertex-perps,11101387.0,0.0,1.0,0.0,0.0,1.7561820327376714,327,26,329,dead,Vertex Perps,Derivatives,False
anchor,209981703.0,0.0,1.0,0.0,0.0,3.241942353488063,568,143,513,dead,Anchor,Lending,False
zookeeper,2056807.0,0.0,1.0,0.0,0.0,1.441093165583748,1411,246,1407,dead,Zookeeper,Yield,False
volta-club,0.0,0.0,0.0,0.0,0.0,0.0,1634,0,1636,dead,Volta Club,Reserve Currency,False
ramp,1572.0,0.0,1.0,0.0,0.0,0.8958859746000574,1278,157,1276,dead,Ramp,CDP,False
galaxygoogle-dao,0.0,0.0,0.0,0.0,0.0,0.0,675,0,634,dead,GalaxyGoogle DAO,Reserve Currency,False
honeyfarm,0.0,0.0,0.0,0.0,0.0,0.0,1531,0,1533,dead,HoneyFarm,Yield,False
kitty-finance,0.0,0.0,0.0,0.0,0.0,0.0,1526,0,1524,dead,Kitty Finance,Algo-Stables,False
marginswap,6939110.0,0.0,1.0,0.0,-0.9999995941352544,0.36510672690787344,647,305,610,dead,MarginSwap,Dexs,False
poolz-vesting,0.0,0.0,0.0,0.0,0.0,0.0,161,0,161,dead,Poolz Vesting,Launchpad,False
