slug,name,category,history_source_mode,has_avax_history,has_total_history,avax_history_days,total_history_days,current_avax_core_tvl,current_total_core_tvl,current_non_avax_core_tvl,current_avax_share,active_chain_count_core,data_quality_score_v2,current_status,current_tvl_band_avax,low_tvl_now_avax,migrated_candidate,core_eligible,core_universe_status,boundary_reason,label_confidence_v2,structural_decay_label_v2,structural_decay_target_v2
0.exchange,0.exchange,Dexs,avax_core,1,1,1575,1575,22838.64698,36646.07817,13807.43119,0.6232221323671319,2.0,1.0,active_on_avax,ge_10k,0.0,0,1,core_eligible,,1.0,structural_decay,1.0
0x-nodes,0x NODES,Yield Aggregator,avax_core,1,1,753,753,0.0,0.0,0.0,0.0,0.0,1.0,low_tvl_on_avax,lt_10k,1.0,0,1,core_eligible,,1.0,structural_decay,1.0
2pi-network,2Pi Network,Yield,avax_core,1,1,1045,1045,0.0,2390.64543,2390.64543,0.0,0.0,1.0,low_tvl_on_avax,lt_10k,1.0,0,1,core_eligible,,1.0,structural_decay,1.0
40-acres,40 Acres,Lending,avax_core,1,1,237,402,4085729.22062,22868040.79928,18782311.57866,0.1786654683924055,3.0,0.929863,active_on_avax,ge_10k,0.0,0,1,core_eligible,,0.929863,censored,
88mph,88mph,Lending,avax_core,1,1,1575,1908,50.66036,392993.28273999994,392942.62237999996,0.00012890897179409637,1.0,1.0,low_tvl_on_avax,lt_10k,1.0,0,1,core_eligible,,1.0,structural_decay,1.0
aave-v2,Aave V2,Lending,avax_core,1,1,1630,1922,12200655.01153,134104835.11062999,121904180.0991,0.09097848710275847,3.0,1.0,active_on_avax,ge_10k,0.0,0,1,core_eligible,,1.0,structural_decay,1.0
aave-v3,Aave V3,Lending,avax_core,1,1,1456,1456,414557627.26325,26005179017.835552,25590621390.572304,0.015941348720534754,18.0,1.0,active_on_avax,ge_10k,0.0,0,1,core_eligible,,1.0,resilient_or_unproven,0.0
abacus,Abacus,Governance Incentives,avax_core,1,1,560,560,0.0,18083.85665,18083.85665,0.0,1.0,1.0,low_tvl_on_avax,lt_10k,1.0,0,1,core_eligible,,1.0,structural_decay,1.0
aboard-exchange,Aboard Exchange,Derivatives,avax_core,1,1,1389,1389,7.23957,121.41401,114.17444,0.05962713858145365,0.0,1.0,low_tvl_on_avax,lt_10k,1.0,0,1,core_eligible,,1.0,resilient_or_unproven,0.0
abracadabra-spell,Abracadabra Spell,CDP,avax_core,1,1,1625,1729,47001.45142,10809285.53659,10762284.08517,0.004348247741342164,6.0,1.0,active_on_avax,ge_10k,0.0,0,1,core_eligible,,1.0,structural_decay,1.0
acryptos,ACryptoS,Liquidity Manager,avax_core,1,1,1344,1817,116206.81467,10564370.498769999,10448163.684099998,0.010999880653895079,5.0,1.0,active_on_avax,ge_10k,0.0,0,1,core_eligible,,1.0,resilient_or_unproven,0.0
agarthadao,AgarthaDAO,Reserve Currency,avax_core,1,1,617,617,0.0,0.0,0.0,0.0,0.0,1.0,low_tvl_on_avax,lt_10k,1.0,0,1,core_eligible,,1.0,structural_decay,1.0
ajna-v2,Ajna V2,Lending,avax_core,1,1,306,779,109.25109,566934.95327,566825.70218,0.0001927048056745404,2.0,0.967671,low_tvl_on_avax,lt_10k,1.0,1,1,core_eligible,,0.967671,censored,
alligator,Alligator,Dexs,avax_core,1,1,1501,1501,6834.32627,6834.32627,0.0,1.0,0.0,1.0,low_tvl_on_avax,lt_10k,1.0,0,1,core_eligible,,1.0,structural_decay,1.0
amogus-dao,Amogus DAO,Reserve Currency,avax_core,1,1,1531,1531,44.52094,44.52094,0.0,1.0,0.0,1.0,low_tvl_on_avax,lt_10k,1.0,0,1,core_eligible,,1.0,structural_decay,1.0
anchor,Anchor,Lending,avax_core,1,1,513,848,0.0,0.0,0.0,0.0,0.0,1.0,low_tvl_on_avax,lt_10k,1.0,0,1,core_eligible,,1.0,structural_decay,1.0
angle,Angle,CDP,avax_core,1,1,1109,1587,97.36295,4513471.51062,4513374.14767,2.1571632782196424e-05,3.0,1.0,low_tvl_on_avax,lt_10k,1.0,1,1,core_eligible,,1.0,structural_decay,1.0
ankr,Ankr,Liquid Staking,avax_core,1,1,1447,1927,125023.93651,21392872.001259997,21267848.064749997,0.0058441866292023035,4.0,1.0,active_on_avax,ge_10k,0.0,0,1,core_eligible,,1.0,resilient_or_unproven,0.0
ante-finance,Ante Finance,Insurance,avax_core,1,1,1278,1634,5185.32134,407423.22209,402237.90075,0.012727112886203037,2.0,1.0,low_tvl_on_avax,lt_10k,1.0,1,1,core_eligible,,1.0,structural_decay,1.0
antfarm-finance,Antfarm finance,Liquidity Manager,avax_core,1,1,781,1075,20585.32287,450808.53594000003,430223.21307000006,0.04566311688636655,4.0,1.0,active_on_avax,ge_10k,0.0,0,1,core_eligible,,1.0,resilient_or_unproven,0.0
antimatter,Antimatter,Options,avax_core,1,1,1488,1489,5830.56877,12187.61149,6357.0427199999995,0.47840126630094937,0.0,1.0,low_tvl_on_avax,lt_10k,1.0,0,1,core_eligible,,1.0,structural_decay,1.0
aperture-lm,Aperture LM,Liquidity Manager,avax_core,1,1,1238,1442,12726.46322,12726.46322,0.0,1.0,1.0,1.0,active_on_avax,ge_10k,0.0,0,1,core_eligible,,1.0,structural_decay,1.0
apex-defi,Apex DeFi,Dexs,avax_core,1,1,558,558,16767.59776,16881.0273,113.429540000001,0.9932806494543137,1.0,1.0,active_on_avax,ge_10k,0.0,0,1,core_eligible,,1.0,resilient_or_unproven,0.0
apex-pro,ApeX Pro,Derivatives,avax_core,1,1,896,1264,0.0,1430470.27653,1430470.27653,0.0,1.0,1.0,low_tvl_on_avax,lt_10k,1.0,0,1,core_eligible,,1.0,resilient_or_unproven,0.0
apexswap,ApexSwap,Dexs,avax_core,1,1,347,347,69.73822,69.73822,0.0,1.0,0.0,0.985205,low_tvl_on_avax,lt_10k,1.0,0,1,core_eligible,,0.985205,censored,
aquabank,AquaBank,Yield,avax_core,1,1,123,123,928364.83235,928364.83235,0.0,1.0,1.0,0.801096,active_on_avax,ge_10k,0.0,0,1,core_eligible,,0.801096,censored,
ara-finance,Ara Finance,Reserve Currency,avax_core,1,1,1534,1534,1488.42811,1488.42811,0.0,1.0,0.0,1.0,low_tvl_on_avax,lt_10k,1.0,0,1,core_eligible,,1.0,structural_decay,1.0
arable-protocol,Arable Protocol,Synthetics,avax_core,1,1,1482,1482,0.0,0.0,0.0,0.0,0.0,1.0,low_tvl_on_avax,lt_10k,1.0,0,1,core_eligible,,1.0,structural_decay,1.0
archly-v2,Archly V2,Dexs,avax_core,1,1,739,808,96.93849,2005.4772400000002,1908.5387500000002,0.04833686868468275,0.0,1.0,low_tvl_on_avax,lt_10k,1.0,0,1,core_eligible,,1.0,structural_decay,1.0
arena-dex,Arena DEX,Dexs,avax_core,1,1,308,308,2018456.77533,2018456.77533,0.0,1.0,1.0,0.953151,active_on_avax,ge_10k,0.0,0,1,core_eligible,,0.953151,censored,
arena-launch,Arena Launch,Launchpad,avax_core,1,1,305,305,32771.10499,32771.10499,0.0,1.0,1.0,0.950685,active_on_avax,ge_10k,0.0,0,1,core_eligible,,0.950685,censored,
arena-socialfi,Arena SocialFi,SoFi,avax_core,1,1,894,894,194599.05022,194599.05022,0.0,1.0,1.0,1.0,active_on_avax,ge_10k,0.0,0,1,core_eligible,,1.0,resilient_or_unproven,0.0
arrow-markets,Arrow Markets,Options,avax_core,1,1,579,579,0.0,0.0,0.0,0.0,0.0,1.0,low_tvl_on_avax,lt_10k,1.0,0,1,core_eligible,,1.0,structural_decay,1.0
atlantis-loans,Atlantis Loans,Lending,avax_core,1,1,362,669,2774.83427,2902.30833,127.47406000000001,0.9560783881290793,0.0,0.998356,low_tvl_on_avax,lt_10k,1.0,0,1,core_eligible,,0.998356,censored,
augmented-finance,Augmented Finance,Lending,avax_core,1,1,902,1016,164.84803,326.6517,161.80367,0.5046599481955857,0.0,1.0,low_tvl_on_avax,lt_10k,1.0,0,1,core_eligible,,1.0,structural_decay,1.0
aura,Aura,Yield,avax_core,1,1,704,1326,0.0,104295852.65085,104295852.65085,0.0,6.0,1.0,low_tvl_on_avax,lt_10k,1.0,1,1,core_eligible,,1.0,structural_decay,1.0
autofarm,Autofarm,Yield Aggregator,avax_core,1,1,1621,1810,59067.21786,5799888.08656,5740820.8686999995,0.010184199587725777,7.0,1.0,active_on_avax,ge_10k,0.0,0,1,core_eligible,,1.0,structural_decay,1.0
avalaunch,Avalaunch,Dexs,avax_core,1,1,1661,1661,0.0,0.0,0.0,0.0,0.0,1.0,low_tvl_on_avax,lt_10k,1.0,0,1,core_eligible,,1.0,structural_decay,1.0
avalps,Avalps,Reserve Currency,avax_core,1,1,1531,1531,4131.17966,4131.17966,0.0,1.0,0.0,1.0,low_tvl_on_avax,lt_10k,1.0,0,1,core_eligible,,1.0,structural_decay,1.0
avant-avbtc,Avant avBTC,Onchain Capital Allocator,avax_core,1,1,264,264,6348935.84094,6348935.84094,0.0,1.0,1.0,0.916986,active_on_avax,ge_10k,0.0,0,1,core_eligible,,0.916986,censored,
avant-avusd,Avant avUSD,Basis Trading,avax_core,1,1,291,291,112618657.2759,112618657.2759,0.0,1.0,1.0,0.939178,active_on_avax,ge_10k,0.0,0,1,core_eligible,,0.939178,censored,
avaviking,AvaViking,Yield,avax_core,1,1,1532,1532,42.5051,42.5051,0.0,1.0,0.0,1.0,low_tvl_on_avax,lt_10k,1.0,0,1,core_eligible,,1.0,structural_decay,1.0
avaware,Avaware,Yield,avax_core,1,1,1504,1504,143.54977,143.54977,0.0,1.0,0.0,1.0,low_tvl_on_avax,lt_10k,1.0,0,1,core_eligible,,1.0,structural_decay,1.0
axial,Axial,Dexs,avax_core,1,1,1574,1574,37337.00969,37337.00969,0.0,1.0,1.0,1.0,active_on_avax,ge_10k,0.0,0,1,core_eligible,,1.0,structural_decay,1.0
baguette,Baguette,Dexs,avax_core,1,1,1785,1785,21289.50526,21289.50526,0.0,1.0,1.0,1.0,active_on_avax,ge_10k,0.0,0,1,core_eligible,,1.0,structural_decay,1.0
baki,Baki,CDP,avax_core,1,1,859,859,5961.75733,5961.75733,0.0,1.0,0.0,1.0,low_tvl_on_avax,lt_10k,1.0,0,1,core_eligible,,1.0,structural_decay,1.0
baklava-space,Baklava Space,Yield,avax_core,1,1,929,929,6421.93652,6422.5463500000005,0.6098300000003292,0.9999050485637989,0.0,1.0,low_tvl_on_avax,lt_10k,1.0,0,1,core_eligible,,1.0,resilient_or_unproven,0.0
balanced-exchange,Balanced Exchange,Dexs,avax_core,1,1,690,1662,1693069.87654,3806305.74262,2113235.86608,0.44480658964999664,7.0,1.0,active_on_avax,ge_10k,0.0,0,1,core_eligible,,1.0,resilient_or_unproven,0.0
balancer-v2,Balancer V2,Dexs,avax_core,1,1,933,1765,130875.47206,44862485.86844,44731610.39638,0.0029172585853533516,9.0,1.0,active_on_avax,ge_10k,0.0,0,1,core_eligible,,1.0,resilient_or_unproven,0.0
balancer-v3,Balancer V3,Dexs,avax_core,1,1,335,453,739307.19042,96558868.42568001,95819561.23526001,0.007656543645072169,9.0,0.983562,active_on_avax,ge_10k,0.0,0,1,core_eligible,,0.983562,censored,
balmy,Balmy,DCA Tools,avax_core,1,1,611,1651,44.08471,190891.74224000002,190847.65753000003,0.0002309408960423976,4.0,1.0,low_tvl_on_avax,lt_10k,1.0,1,1,core_eligible,,1.0,structural_decay,1.0
banksy-farm,Banksy Farm,Yield,avax_core,1,1,1531,1531,9371.94871,9371.94871,0.0,1.0,0.0,1.0,low_tvl_on_avax,lt_10k,1.0,0,1,core_eligible,,1.0,structural_decay,1.0
baymax,BayMax,Derivatives,avax_core,1,1,1157,1157,2.69078,2.69078,0.0,1.0,0.0,1.0,low_tvl_on_avax,lt_10k,1.0,0,1,core_eligible,,1.0,structural_decay,1.0
beefy,Beefy,Yield Aggregator,avax_core,1,1,1746,1746,1904221.41172,144605617.69734,142701396.28562,0.013168377840655825,26.0,1.0,active_on_avax,ge_10k,0.0,0,1,core_eligible,,1.0,resilient_or_unproven,0.0
benqi-lending,Benqi Lending,Lending,avax_core,1,1,1663,1663,137329231.48634,137329231.48634,0.0,1.0,1.0,1.0,active_on_avax,ge_10k,0.0,0,1,core_eligible,,1.0,resilient_or_unproven,0.0
benqi-staked-avax,Benqi Staked Avax,Liquid Staking,avax_core,1,1,1481,1481,220728496.62846,220728496.62846,0.0,1.0,1.0,1.0,active_on_avax,ge_10k,0.0,0,1,core_eligible,,1.0,resilient_or_unproven,0.0
beta-finance-v1,Beta Finance V1,Lending,avax_core,1,1,1490,1656,7719.17494,511025.3695,503306.19456,0.015105267567347262,1.0,1.0,low_tvl_on_avax,lt_10k,1.0,0,1,core_eligible,,1.0,structural_decay,1.0
betswirl,BetSwirl,Prediction Market,total_only,0,1,0,1325,0.0,0.0,0.0,0.0,0.0,0.25,no_avax_core_history,unknown,,0,0,boundary_excluded,no_avax_core_history_total_only,0.25,missing_avax_history,
bifi,BiFi,Lending,avax_core,1,1,1677,1880,2116.22129,8176894.12575,8174777.90446,0.0002588050251666792,4.0,1.0,low_tvl_on_avax,lt_10k,1.0,1,1,core_eligible,,1.0,resilient_or_unproven,0.0
bim,BIM,Yield Aggregator,avax_core,1,1,136,245,0.0,639142.8914900001,639142.8914900001,0.0,4.0,0.841644,low_tvl_on_avax,lt_10k,1.0,1,1,core_eligible,,0.841644,censored,
bitbond-lockers,Bitbond Lockers,Token Locker,avax_core,1,1,350,350,0.0,9519160.886009999,9519160.886009999,0.0,3.0,0.987671,low_tvl_on_avax,lt_10k,1.0,1,1,core_eligible,,0.987671,censored,
bitbond-sales,Bitbond Sales,Launchpad,avax_core,1,1,361,361,0.0,55930.0914,55930.0914,0.0,1.0,0.996712,low_tvl_on_avax,lt_10k,1.0,0,1,core_eligible,,0.996712,censored,
blackhole-amm,Blackhole AMM,Dexs,avax_core,1,1,242,242,6394590.44492,6394590.44492,0.0,1.0,1.0,0.898904,active_on_avax,ge_10k,0.0,0,1,core_eligible,,0.898904,censored,
blackhole-clmm,Blackhole CLMM,Dexs,avax_core,1,1,242,242,33646582.96701,33646582.96701,0.0,1.0,1.0,0.898904,active_on_avax,ge_10k,0.0,0,1,core_eligible,,0.898904,censored,
blizz-finance,Blizz Finance,Lending,avax_core,1,1,666,666,0.0,0.0,0.0,0.0,0.0,1.0,low_tvl_on_avax,lt_10k,1.0,0,1,core_eligible,,1.0,structural_decay,1.0
blizzard,Blizzard,Yield,avax_core,1,1,704,704,2535.98902,2535.98902,0.0,1.0,0.0,1.0,low_tvl_on_avax,lt_10k,1.0,0,1,core_eligible,,1.0,structural_decay,1.0
boofinance,BooFinance,Yield,avax_core,1,1,1523,1523,16674.1814,16674.1814,0.0,1.0,1.0,1.0,active_on_avax,ge_10k,0.0,0,1,core_eligible,,1.0,structural_decay,1.0
bridgers,Bridgers,Dexs,avax_core,1,1,626,626,14372.62965,1779653.90781,1765281.27816,0.008076081302620585,8.0,1.0,active_on_avax,ge_10k,0.0,0,1,core_eligible,,1.0,resilient_or_unproven,0.0
brokkr-finance,Brokkr Finance,Indexes,avax_core,1,1,1063,1063,6539.32634,7084.86885,545.5425100000002,0.9229989260845668,0.0,1.0,low_tvl_on_avax,lt_10k,1.0,0,1,core_eligible,,1.0,resilient_or_unproven,0.0
butterfly-finance,Butterfly Finance,Farm,avax_core,1,1,812,812,17.75212,17.75212,0.0,1.0,0.0,1.0,low_tvl_on_avax,lt_10k,1.0,0,1,core_eligible,,1.0,structural_decay,1.0
button-wrappers,Button Wrappers,CDP,avax_core,1,1,826,826,121.86779,35637.696729999996,35515.82894,0.0034196314908704825,2.0,1.0,low_tvl_on_avax,lt_10k,1.0,0,1,core_eligible,,1.0,structural_decay,1.0
bxh,BXH,Dexs,avax_core,1,1,1382,1414,3264.35217,41360.63090999999,38096.278739999994,0.07892413868403442,1.0,1.0,low_tvl_on_avax,lt_10k,1.0,0,1,core_eligible,,1.0,structural_decay,1.0
cables-finance,Cables Finance,Dexs,avax_core,1,1,496,496,0.0,0.0,0.0,0.0,0.0,1.0,low_tvl_on_avax,lt_10k,1.0,0,1,core_eligible,,1.0,resilient_or_unproven,0.0
cakedao,CakeDAO,Reserve Currency,avax_core,1,1,624,624,0.0,0.0,0.0,0.0,0.0,1.0,low_tvl_on_avax,lt_10k,1.0,0,1,core_eligible,,1.0,structural_decay,1.0
canary,Canary,Dexs,avax_core,1,1,1742,1742,25785.55847,26014.79137,229.23289999999906,0.9911883629301618,1.0,1.0,active_on_avax,ge_10k,0.0,0,1,core_eligible,,1.0,resilient_or_unproven,0.0
cavalre,CavalRe,Dexs,avax_core,1,1,910,910,12361.95284,12361.95284,0.0,1.0,1.0,1.0,active_on_avax,ge_10k,0.0,0,1,core_eligible,,1.0,structural_decay,1.0
cesta-finance,Cesta Finance,Reserve Currency,avax_core,1,1,1501,1501,0.0,0.0,0.0,0.0,0.0,1.0,low_tvl_on_avax,lt_10k,1.0,0,1,core_eligible,,1.0,resilient_or_unproven,0.0
chaingpt,ChainGPT,Launchpad,avax_core,1,1,625,805,0.0,38313.81886,38313.81886,0.0,1.0,1.0,low_tvl_on_avax,lt_10k,1.0,0,1,core_eligible,,1.0,structural_decay,1.0
champion-finance,Champion Finance,Algo-Stables,avax_core,1,1,1286,1286,0.0,0.0,0.0,0.0,0.0,1.0,low_tvl_on_avax,lt_10k,1.0,0,1,core_eligible,,1.0,structural_decay,1.0
chikn-farm,Chikn Farm,Services,avax_core,1,1,1524,1524,0.0,0.0,0.0,0.0,0.0,1.0,low_tvl_on_avax,lt_10k,1.0,0,1,core_eligible,,1.0,structural_decay,1.0
cian-automation,CIAN Automation,Yield,avax_core,1,1,726,726,938760.61484,1037009.9744000001,98249.35956000001,0.9052570737163393,3.0,1.0,active_on_avax,ge_10k,0.0,0,1,core_eligible,,1.0,resilient_or_unproven,0.0
clearpool-lending,Clearpool Lending,Uncollateralized Lending,avax_core,1,1,658,1415,46.05894,628250.19973,628204.14079,7.331305269746755e-05,5.0,1.0,low_tvl_on_avax,lt_10k,1.0,1,1,core_eligible,,1.0,structural_decay,1.0
cleopatra-dao,Cleopatra DAO,Yield Aggregator,avax_core,1,1,596,596,0.0,0.0,0.0,0.0,0.0,1.0,low_tvl_on_avax,lt_10k,1.0,0,1,core_eligible,,1.0,structural_decay,1.0
clovis,Clovis,Yield Aggregator,avax_core,1,1,168,168,1233.50354,280106.02446,278872.52092,0.004403702285154342,3.0,0.838082,low_tvl_on_avax,lt_10k,1.0,1,1,core_eligible,,0.838082,censored,
coinscope,Coinscope,Token Locker,avax_core,1,1,965,965,0.0,14965.52691,14965.52691,0.0,1.0,1.0,low_tvl_on_avax,lt_10k,1.0,0,1,core_eligible,,1.0,structural_decay,1.0
colony,Colony,Yield,avax_core,1,1,1550,1550,113036.02187,284381.41168,171345.38981000002,0.39748034585746306,2.0,1.0,active_on_avax,ge_10k,0.0,0,1,core_eligible,,1.0,resilient_or_unproven,0.0
complus-network,Complus Network,Dexs,avax_core,1,1,1844,1844,61370.99588,64146.21248,2775.2165999999997,0.956736080078535,1.0,1.0,active_on_avax,ge_10k,0.0,0,1,core_eligible,,1.0,structural_decay,1.0
contango-v2,Contango V2,Derivatives,avax_core,1,1,431,708,454797.56121,15848577.3736,15393779.81239,0.028696428107647422,9.0,1.0,active_on_avax,ge_10k,0.0,0,1,core_eligible,,1.0,censored,
cook-finance,Cook Finance,Indexes,avax_core,1,1,1559,1597,9953.3351,132488.97919,122535.64409000002,0.0751257588431269,2.0,1.0,low_tvl_on_avax,lt_10k,1.0,1,1,core_eligible,,1.0,structural_decay,1.0
core-bridge,CORE Bridge,Canonical Bridge,avax_core,1,1,475,475,871506.58907,2580583.28048,1709076.6914100002,0.3377169013153863,6.0,1.0,active_on_avax,ge_10k,0.0,0,1,core_eligible,,1.0,resilient_or_unproven,0.0
cougarswap,CougarSwap,Yield,avax_core,1,1,1535,1535,5034.2632,43950.47661,38916.21341,0.11454399561288399,2.0,1.0,low_tvl_on_avax,lt_10k,1.0,0,1,core_eligible,,1.0,structural_decay,1.0
coup-farm,Coup Farm,Yield,avax_core,1,1,1532,1532,15.19103,15.19103,0.0,1.0,0.0,1.0,low_tvl_on_avax,lt_10k,1.0,0,1,core_eligible,,1.0,structural_decay,1.0
crabada,Crabada,Gaming,avax_core,1,1,1517,1517,0.0,0.0,0.0,0.0,0.0,1.0,low_tvl_on_avax,lt_10k,1.0,0,1,core_eligible,,1.0,structural_decay,1.0
createmytoken,CreateMyToken,Launchpad,avax_core,1,1,402,402,9.1064,27649.289080000002,27640.18268,0.0003293538569346825,1.0,1.0,low_tvl_on_avax,lt_10k,1.0,0,1,core_eligible,,1.0,censored,
crocodile-finance,Crocodile Finance,Algo-Stables,avax_core,1,1,256,256,4.86613,4.86613,0.0,1.0,0.0,0.910411,low_tvl_on_avax,lt_10k,1.0,0,1,core_eligible,,0.910411,censored,
crypto-lottery,Crypto Lottery,Luck Games,avax_core,1,1,664,668,2.22,10.56977,8.34977,0.21003295246727224,0.0,1.0,low_tvl_on_avax,lt_10k,1.0,0,1,core_eligible,,1.0,structural_decay,1.0
cryptoblades,CryptoBlades,Gaming,avax_core,1,1,1307,1307,0.0,0.0,0.0,0.0,0.0,1.0,low_tvl_on_avax,lt_10k,1.0,0,1,core_eligible,,1.0,structural_decay,1.0
cryptoyieldfocus,CryptoYieldFocus,Farm,avax_core,1,1,728,728,3377.75393,3377.75393,0.0,1.0,0.0,1.0,low_tvl_on_avax,lt_10k,1.0,0,1,core_eligible,,1.0,structural_decay,1.0
curve-dex,Curve DEX,Dexs,avax_core,1,1,1609,2213,2194030.77099,1811343134.0497103,1809149103.2787204,0.001211272855897102,26.0,1.0,active_on_avax,ge_10k,0.0,0,1,core_eligible,,1.0,structural_decay,1.0
cycle-finance,Cycle Finance,Yield Aggregator,avax_core,1,1,1653,1653,22571.60364,22571.60364,0.0,1.0,1.0,1.0,active_on_avax,ge_10k,0.0,0,1,core_eligible,,1.0,structural_decay,1.0
cytonic-airdrop-campaign,Cytonic Airdrop Campaign,Farm,avax_core,1,1,470,470,3186.6193,410387.92928000004,407201.30998,0.007764895292097709,6.0,1.0,low_tvl_on_avax,lt_10k,1.0,1,1,core_eligible,,1.0,structural_decay,1.0
deepseadao,DeepSeaDAO,Reserve Currency,avax_core,1,1,613,613,0.44685,0.44685,0.0,1.0,0.0,1.0,low_tvl_on_avax,lt_10k,1.0,0,1,core_eligible,,1.0,structural_decay,1.0
defi-yield-protocol,Defi Yield Protocol,Yield,total_only,0,1,0,1775,0.0,547.6956,547.6956,0.0,0.0,0.25,no_avax_core_history,unknown,,0,0,boundary_excluded,no_avax_core_history_total_only,0.25,missing_avax_history,
deficurrent,DefiCurrent,Yield Aggregator,avax_core,1,1,460,460,137.00868,423.7115,286.70282,0.32335369703206074,0.0,1.0,low_tvl_on_avax,lt_10k,1.0,0,1,core_eligible,,1.0,structural_decay,1.0
defiedge,DefiEdge,Liquidity Manager,avax_core,1,1,376,722,778.68256,878329.83335,877551.15079,0.0008865491418298527,4.0,1.0,low_tvl_on_avax,lt_10k,1.0,1,1,core_eligible,,1.0,censored,
definitive-yield-vaults,Definitive Yield Vaults,Yield,avax_core,1,1,756,756,6139.72513,43324.911230000005,37185.186100000006,0.14171350744161695,1.0,1.0,low_tvl_on_avax,lt_10k,1.0,0,1,core_eligible,,1.0,resilient_or_unproven,0.0
defrost,Defrost,CDP,avax_core,1,1,1567,1567,81395.44294,81395.44294,0.0,1.0,1.0,1.0,active_on_avax,ge_10k,0.0,0,1,core_eligible,,1.0,structural_decay,1.0
deltaprime,DeltaPrime,Leveraged Farming,avax_core,1,1,1080,1080,2603900.55404,4253515.1506199995,1649614.5965799997,0.6121761559167013,2.0,1.0,active_on_avax,ge_10k,0.0,0,1,core_eligible,,1.0,resilient_or_unproven,0.0
dexalot-dex,Dexalot DEX,Dexs,avax_core,1,1,762,762,443342.88294,2783095.21066,2339752.32772,0.1592984965954014,5.0,1.0,active_on_avax,ge_10k,0.0,0,1,core_eligible,,1.0,resilient_or_unproven,0.0
dexfinance-etf,DexFinance ETF,Yield,avax_core,1,1,618,618,12.35042,4985.98702,4973.6366,0.0024770261034494233,0.0,1.0,low_tvl_on_avax,lt_10k,1.0,0,1,core_eligible,,1.0,structural_decay,1.0
dexpad,DexPad,Launchpad,avax_core,1,1,1346,1346,0.03492,33634.58079,33634.54587,1.0382171913491536e-06,1.0,1.0,low_tvl_on_avax,lt_10k,1.0,0,1,core_eligible,,1.0,structural_decay,1.0
dexvaults,dexVAULTS,Yield,avax_core,1,1,566,566,4.73207,15175.611589999999,15170.879519999999,0.00031182071127322525,0.0,1.0,low_tvl_on_avax,lt_10k,1.0,0,1,core_eligible,,1.0,structural_decay,1.0
dforce-lending,dForce Lending,Lending,avax_core,1,1,1361,1955,0.0,1036885.06964,1036885.06964,0.0,2.0,1.0,low_tvl_on_avax,lt_10k,1.0,1,1,core_eligible,,1.0,structural_decay,1.0
diamondswap,Diamondswap,Dexs,avax_core,1,1,442,442,43.27642,341107.61730000004,341064.34088000003,0.00012687028317499843,2.0,1.0,low_tvl_on_avax,lt_10k,1.0,1,1,core_eligible,,1.0,censored,
dodo-amm,DODO AMM,Dexs,avax_core,1,1,879,1839,1847660.63037,12771560.99144,10923900.36107,0.14466991400725207,10.0,1.0,active_on_avax,ge_10k,0.0,0,1,core_eligible,,1.0,resilient_or_unproven,0.0
domani-protocol,Domani Protocol,Indexes,avax_core,1,1,1053,1810,782.40496,96167.64411,95385.23915,0.008135844100590185,1.0,1.0,low_tvl_on_avax,lt_10k,1.0,0,1,core_eligible,,1.0,structural_decay,1.0
donaswap-v2,DONASWAP V2,Dexs,avax_core,1,1,519,519,0.0,1.01802,1.01802,0.0,0.0,1.0,low_tvl_on_avax,lt_10k,1.0,0,1,core_eligible,,1.0,structural_decay,1.0
dripit,dripit,Prediction Market,avax_core,1,1,301,301,3676.26172,3676.26172,0.0,1.0,0.0,0.947397,low_tvl_on_avax,lt_10k,1.0,0,1,core_eligible,,0.947397,censored,
dumpex,DumpEX,Farm,avax_core,1,1,709,709,0.08995,4.843829999999999,4.753879999999999,0.01857001587586683,0.0,1.0,low_tvl_on_avax,lt_10k,1.0,0,1,core_eligible,,1.0,structural_decay,1.0
dxsale,DxSale,Launchpad,avax_core,1,1,1230,1230,29392.91632,27257151.730110005,27227758.813790005,0.0010783561177278363,8.0,1.0,active_on_avax,ge_10k,0.0,0,1,core_eligible,,1.0,resilient_or_unproven,0.0
dypius,Dypius,Yield,avax_core,1,1,1062,1062,0.0,0.0,0.0,0.0,0.0,1.0,low_tvl_on_avax,lt_10k,1.0,0,1,core_eligible,,1.0,structural_decay,1.0
dyson,Dyson,Liquidity Manager,avax_core,1,1,999,1138,0.00121,260415.15786999997,260415.15665999998,4.646426920371646e-09,3.0,1.0,low_tvl_on_avax,lt_10k,1.0,1,1,core_eligible,,1.0,structural_decay,1.0
echidna-finance,Echidna Finance,Yield,avax_core,1,1,1139,1139,0.0,0.0,0.0,0.0,0.0,1.0,low_tvl_on_avax,lt_10k,1.0,0,1,core_eligible,,1.0,structural_decay,1.0
elasticswap,ElasticSwap,Dexs,avax_core,1,1,1326,1326,1973.83719,4105.51419,2131.6769999999997,0.48077709603532026,0.0,1.0,low_tvl_on_avax,lt_10k,1.0,0,1,core_eligible,,1.0,structural_decay,1.0
elk,Elk,Dexs,avax_core,1,1,1635,1635,44098.26108,224439.31577999998,180341.05469999998,0.1964818905580073,6.0,1.0,active_on_avax,ge_10k,0.0,0,1,core_eligible,,1.0,resilient_or_unproven,0.0
embr-finance,Embr Finance,Dexs,avax_core,1,1,1527,1527,8754.54513,8754.54513,0.0,1.0,0.0,1.0,low_tvl_on_avax,lt_10k,1.0,0,1,core_eligible,,1.0,structural_decay,1.0
emdx,EMDX,Derivatives,avax_core,1,1,1204,1204,0.0,0.0,0.0,0.0,0.0,1.0,low_tvl_on_avax,lt_10k,1.0,0,1,core_eligible,,1.0,structural_decay,1.0
emiswap,EmiSwap,Dexs,avax_core,1,1,1342,1532,2.00065,33547.838059999995,33545.83740999999,5.963573558516218e-05,2.0,1.0,low_tvl_on_avax,lt_10k,1.0,0,1,core_eligible,,1.0,structural_decay,1.0
empiredex,EmpireDEX,Dexs,avax_core,1,1,1559,1559,24844.37692,2511902.47449,2487058.0975699998,0.009890661429856762,6.0,1.0,active_on_avax,ge_10k,0.0,0,1,core_eligible,,1.0,resilient_or_unproven,0.0
envelop,Envelop,NftFi,avax_core,1,1,711,721,0.0,3790.7761499999997,3790.7761499999997,0.0,0.0,1.0,low_tvl_on_avax,lt_10k,1.0,0,1,core_eligible,,1.0,structural_decay,1.0
etha-lend,ETHA Lend,Yield,avax_core,1,1,1207,1440,12.69183,12101.86319,12089.17136,0.0010487500809369173,1.0,1.0,low_tvl_on_avax,lt_10k,1.0,0,1,core_eligible,,1.0,structural_decay,1.0
euler-v2,Euler V2,Lending,avax_core,1,1,384,554,16776776.5019,485384537.73118,468607761.22928,0.03456388738775907,15.0,1.0,active_on_avax,ge_10k,0.0,0,1,core_eligible,,1.0,censored,
eulerdebt,EulerDebt,Secondary Debt Markets,avax_core,1,1,101,101,2990.96478,36241.770800000006,33250.80602,0.08252810814641538,1.0,0.783014,low_tvl_on_avax,lt_10k,1.0,0,1,core_eligible,,0.783014,censored,
everestdao,EverestDAO,DAO Service Provider,avax_core,1,1,650,650,0.0,0.0,0.0,0.0,0.0,1.0,low_tvl_on_avax,lt_10k,1.0,0,1,core_eligible,,1.0,structural_decay,1.0
excellion-finance,Excellion Finance,Risk Curators,avax_core,1,1,144,144,29724.8932,29724.8932,0.0,1.0,1.0,0.818356,active_on_avax,ge_10k,0.0,0,1,core_eligible,,0.818356,censored,
ferdyflip,FerdyFlip,Luck Games,avax_core,1,1,997,997,2703.71023,2703.99847,0.2882399999998597,0.999893402306548,0.0,1.0,low_tvl_on_avax,lt_10k,1.0,0,1,core_eligible,,1.0,resilient_or_unproven,0.0
flair-dex,Flair Dex,Dexs,avax_core,1,1,1081,1081,48764.25991,48764.25991,0.0,1.0,1.0,1.0,active_on_avax,ge_10k,0.0,0,1,core_eligible,,1.0,structural_decay,1.0
flashliquidity,FlashLiquidity,Dexs,avax_core,1,1,840,1074,0.0,90.27083999999999,90.27083999999999,0.0,0.0,1.0,low_tvl_on_avax,lt_10k,1.0,0,1,core_eligible,,1.0,structural_decay,1.0
float,Float,Derivatives,avax_core,1,1,1551,1620,16525.34508,144420.17794999998,127894.83286999998,0.11442545850983007,2.0,1.0,active_on_avax,ge_10k,0.0,0,1,core_eligible,,1.0,structural_decay,1.0
flokifi-locker,FlokiFi Locker,Token Locker,avax_core,1,1,1061,1061,101116.73974,10830983.07033,10729866.33059,0.00933587829317133,6.0,1.0,active_on_avax,ge_10k,0.0,0,1,core_eligible,,1.0,resilient_or_unproven,0.0
folks-finance-xchain,Folks Finance xChain,Lending,avax_core,1,1,504,504,12837445.08387,16691627.98204,3854182.89817,0.7690948478891899,7.0,1.0,active_on_avax,ge_10k,0.0,0,1,core_eligible,,1.0,resilient_or_unproven,0.0
fortifi,FortiFi,Yield Aggregator,avax_core,1,1,678,678,415711.98424,415711.98424,0.0,1.0,1.0,1.0,active_on_avax,ge_10k,0.0,0,1,core_eligible,,1.0,resilient_or_unproven,0.0
fortress,Fortress,Reserve Currency,avax_core,1,1,1562,1562,0.0,0.0,0.0,0.0,0.0,1.0,low_tvl_on_avax,lt_10k,1.0,0,1,core_eligible,,1.0,structural_decay,1.0
fractal-protocol,Fractal Protocol,Yield,avax_core,1,1,1234,1351,0.0,25661.869120000003,25661.869120000003,0.0,1.0,1.0,low_tvl_on_avax,lt_10k,1.0,0,1,core_eligible,,1.0,structural_decay,1.0
frax-swap,Frax Swap,Dexs,avax_core,1,1,1262,1263,212707.11762,13792200.622609999,13579493.504989998,0.015422275490345055,7.0,1.0,active_on_avax,ge_10k,0.0,0,1,core_eligible,,1.0,resilient_or_unproven,0.0
freebie-life-finance,Freebie Life Finance,Yield Lottery,avax_core,1,1,1193,1193,0.0,0.0,0.0,0.0,0.0,1.0,low_tvl_on_avax,lt_10k,1.0,0,1,core_eligible,,1.0,structural_decay,1.0
frost-finance,Frost Finance,Yield,avax_core,1,1,1569,1643,51801.28851,51801.28851,0.0,1.0,1.0,1.0,active_on_avax,ge_10k,0.0,0,1,core_eligible,,1.0,insufficient_early_window,
frozen-walrus-finance,Frozen Walrus Finance,Algo-Stables,avax_core,1,1,1339,1339,0.0,0.0,0.0,0.0,0.0,1.0,low_tvl_on_avax,lt_10k,1.0,0,1,core_eligible,,1.0,structural_decay,1.0
futureswap,FutureSwap,Derivatives,avax_core,1,1,1325,1814,0.0,10.40345,10.40345,0.0,0.0,1.0,low_tvl_on_avax,lt_10k,1.0,0,1,core_eligible,,1.0,resilient_or_unproven,0.0
fwx-derivatives,FWX Derivatives,Derivatives,avax_core,1,1,785,785,3554.45354,4177.17177,622.71823,0.8509234802187702,0.0,1.0,low_tvl_on_avax,lt_10k,1.0,0,1,core_eligible,,1.0,resilient_or_unproven,0.0
fwx-dex,FWX DEX,Dexs,avax_core,1,1,578,578,862.96093,12711.06165,11848.10072,0.06789054712829592,1.0,1.0,low_tvl_on_avax,lt_10k,1.0,0,1,core_eligible,,1.0,structural_decay,1.0
gaia-dao,Gaia DAO,Reserve Currency,avax_core,1,1,1507,1507,4.80762,4.80762,0.0,1.0,0.0,1.0,low_tvl_on_avax,lt_10k,1.0,0,1,core_eligible,,1.0,structural_decay,1.0
gaj-finance,Gaj Finance,Yield,total_only,0,1,0,1531,0.0,17625.54822,17625.54822,0.0,1.0,0.25,no_avax_core_history,unknown,,0,0,boundary_excluded,no_avax_core_history_total_only,0.25,missing_avax_history,
galaxygoogle-dao,GalaxyGoogle DAO,Reserve Currency,avax_core,1,1,634,634,0.0,0.0,0.0,0.0,0.0,1.0,low_tvl_on_avax,lt_10k,1.0,0,1,core_eligible,,1.0,structural_decay,1.0
gamma,Gamma,Liquidity Manager,avax_core,1,1,871,1568,1105.23802,4745298.17486,4744192.93684,0.00023291223844592397,15.0,1.0,low_tvl_on_avax,lt_10k,1.0,1,1,core_eligible,,1.0,resilient_or_unproven,0.0
genius,Genius,Yield,avax_core,1,1,1105,1105,1.38399,22.85049,21.4665,0.06056719133812886,0.0,1.0,low_tvl_on_avax,lt_10k,1.0,0,1,core_eligible,,1.0,structural_decay,1.0
geode,Geode,Liquid Staking,avax_core,1,1,1258,1258,471862.54128,471862.54128,0.0,1.0,1.0,1.0,active_on_avax,ge_10k,0.0,0,1,core_eligible,,1.0,resilient_or_unproven,0.0
glacier-exchange-v2,Glacier Exchange V2,Dexs,avax_core,1,1,1073,1073,8498.89125,8498.89125,0.0,1.0,0.0,1.0,low_tvl_on_avax,lt_10k,1.0,0,1,core_eligible,,1.0,structural_decay,1.0
glacier-exchange-v3,Glacier Exchange V3,Dexs,avax_core,1,1,891,891,2293.14073,2293.14073,0.0,1.0,0.0,1.0,low_tvl_on_avax,lt_10k,1.0,0,1,core_eligible,,1.0,structural_decay,1.0
gmd-protocol,GMD Protocol,Yield Aggregator,avax_core,1,1,991,1232,229116.58088,827256.59687,598140.01599,0.27695950899259464,2.0,1.0,active_on_avax,ge_10k,0.0,0,1,core_eligible,,1.0,resilient_or_unproven,0.0
gmx-v1-perps,GMX V1 Perps,Derivatives,avax_core,1,1,1542,1650,1910667.10216,3181053.59406,1270386.4919,0.6006397080916209,2.0,1.0,active_on_avax,ge_10k,0.0,0,1,core_eligible,,1.0,resilient_or_unproven,0.0
gmx-v2-perps,GMX V2 Perps,Derivatives,avax_core,1,1,943,943,11052033.42784,257911989.53009,246859956.10225,0.04285195677787823,3.0,1.0,active_on_avax,ge_10k,0.0,0,1,core_eligible,,1.0,resilient_or_unproven,0.0
goldlink,GoldLink,Leveraged Farming,avax_core,1,1,552,595,15.03124,3031.25947,3016.22823,0.004958744095898858,0.0,1.0,low_tvl_on_avax,lt_10k,1.0,0,1,core_eligible,,1.0,structural_decay,1.0
goldstation-dex-v3,GOLDSTATION DEX V3,Dexs,avax_core,1,1,426,426,59953.39763,59953.39763,0.0,1.0,1.0,1.0,active_on_avax,ge_10k,0.0,0,1,core_eligible,,1.0,censored,
gondola-finance,Gondola Finance,Dexs,avax_core,1,1,1777,1777,65.95341,65.95341,0.0,1.0,0.0,1.0,low_tvl_on_avax,lt_10k,1.0,0,1,core_eligible,,1.0,structural_decay,1.0
granary-finance,Granary Finance,Lending,avax_core,1,1,1368,1463,2591.69677,156063.74323,153472.04645999998,0.01660665518050832,2.0,1.0,low_tvl_on_avax,lt_10k,1.0,1,1,core_eligible,,1.0,resilient_or_unproven,0.0
grape-finance,Grape Finance,Algo-Stables,avax_core,1,1,1509,1509,0.0,0.0,0.0,0.0,0.0,1.0,low_tvl_on_avax,lt_10k,1.0,0,1,core_eligible,,1.0,structural_decay,1.0
grave-finance,Grave Finance,Algo-Stables,avax_core,1,1,1468,1468,389.60198,389.60198,0.0,1.0,0.0,1.0,low_tvl_on_avax,lt_10k,1.0,0,1,core_eligible,,1.0,structural_decay,1.0
grim-finance,Grim Finance,Yield,avax_core,1,1,1092,1648,20.97878,23590.67248,23569.6937,0.0008892828306520578,1.0,1.0,low_tvl_on_avax,lt_10k,1.0,0,1,core_eligible,,1.0,structural_decay,1.0
gro,Gro,Yield,avax_core,1,1,1546,1744,25556.72398,1782383.23863,1756826.51465,0.014338512294159453,2.0,1.0,active_on_avax,ge_10k,0.0,0,1,core_eligible,,1.0,structural_decay,1.0
growth-defi,Growth DeFi,Yield,avax_core,1,1,1586,1858,22316.64657,22316.64747,0.0008999999990919605,0.9999999596713619,1.0,1.0,active_on_avax,ge_10k,0.0,0,1,core_eligible,,1.0,resilient_or_unproven,0.0
guru-network-classic,Guru Network Classic,Yield,avax_core,1,1,1050,1484,68.96964,3233053.02213,3232984.05249,2.133266591296465e-05,3.0,1.0,low_tvl_on_avax,lt_10k,1.0,1,1,core_eligible,,1.0,structural_decay,1.0
gyroscope-protocol,Gyroscope Protocol,Dexs,avax_core,1,1,358,1107,15900.19508,1808656.58989,1792756.39481,0.00879116310353146,9.0,0.996164,active_on_avax,ge_10k,0.0,0,1,core_eligible,,0.996164,censored,
hakuswap,HakuSwap,Dexs,avax_core,1,1,1515,1515,26074.3556,26074.3556,0.0,1.0,1.0,1.0,active_on_avax,ge_10k,0.0,0,1,core_eligible,,1.0,structural_decay,1.0
hashflow,Hashflow,DEX Aggregator,avax_core,1,1,1382,1382,10243.31852,582462.77663,572219.45811,0.017586219980039862,5.0,1.0,active_on_avax,ge_10k,0.0,0,1,core_eligible,,1.0,insufficient_early_window,
hedgefarm,HedgeFarm,Yield,avax_core,1,1,1237,1237,36363.84572,36363.84572,0.0,1.0,1.0,1.0,active_on_avax,ge_10k,0.0,0,1,core_eligible,,1.0,resilient_or_unproven,0.0
hermes-finance,Hermes Finance,Algo-Stables,avax_core,1,1,1517,1517,0.0,0.0,0.0,0.0,0.0,1.0,low_tvl_on_avax,lt_10k,1.0,0,1,core_eligible,,1.0,structural_decay,1.0
homora-v2,Homora V2,Leveraged Farming,avax_core,1,1,1484,1854,397914.70785,110273717.07445998,109875802.36660999,0.003608427451314773,5.0,1.0,active_on_avax,ge_10k,0.0,0,1,core_eligible,,1.0,structural_decay,1.0
honeyfarm,HoneyFarm,Yield,avax_core,1,1,1544,1544,0.0,0.0,0.0,0.0,0.0,1.0,low_tvl_on_avax,lt_10k,1.0,0,1,core_eligible,,1.0,structural_decay,1.0
hot-takes,Hot Takes,SoFi,avax_core,1,1,851,851,612.98383,612.98383,0.0,1.0,0.0,1.0,low_tvl_on_avax,lt_10k,1.0,0,1,core_eligible,,1.0,structural_decay,1.0
hubble-exchange,Hubble Exchange,Derivatives,avax_core,1,1,1309,1309,78486.07253,78486.07253,0.0,1.0,1.0,1.0,active_on_avax,ge_10k,0.0,0,1,core_eligible,,1.0,structural_decay,1.0
hunnyswap,HunnySwap,Dexs,avax_core,1,1,1347,1347,58957.31232,58957.31232,0.0,1.0,1.0,1.0,active_on_avax,ge_10k,0.0,0,1,core_eligible,,1.0,resilient_or_unproven,0.0
hurricaneswap,HurricaneSwap,Dexs,avax_core,1,1,1610,1610,39636.86462,39636.86462,0.0,1.0,1.0,1.0,active_on_avax,ge_10k,0.0,0,1,core_eligible,,1.0,structural_decay,1.0
hypha,Hypha,Liquid Staking,avax_core,1,1,983,983,21940600.24524,21940600.24524,0.0,1.0,1.0,1.0,active_on_avax,ge_10k,0.0,0,1,core_eligible,,1.0,resilient_or_unproven,0.0
ice-dao,Ice DAO,Reserve Currency,avax_core,1,1,1548,1548,0.0,0.0,0.0,0.0,0.0,1.0,low_tvl_on_avax,lt_10k,1.0,0,1,core_eligible,,1.0,structural_decay,1.0
icecream-finance,IceCream Finance,Algo-Stables,avax_core,1,1,1496,1496,0.0,0.0,0.0,0.0,0.0,1.0,low_tvl_on_avax,lt_10k,1.0,0,1,core_eligible,,1.0,structural_decay,1.0
impermax-v2,Impermax V2,Lending,avax_core,1,1,1562,1796,90752.9117,756979.99073,666227.0790299999,0.11988812493244592,7.0,1.0,active_on_avax,ge_10k,0.0,0,1,core_eligible,,1.0,structural_decay,1.0
impossible-finance,Impossible Finance,Launchpad,avax_core,1,1,1291,1566,2.19031,174099.92435000002,174097.73404,1.2580763651549514e-05,1.0,1.0,low_tvl_on_avax,lt_10k,1.0,0,1,core_eligible,,1.0,structural_decay,1.0
incognito,Incognito,Dexs,avax_core,1,1,711,711,58.50671,127.11726,68.61055,0.4602577966202229,0.0,1.0,low_tvl_on_avax,lt_10k,1.0,0,1,core_eligible,,1.0,structural_decay,1.0
insurace,InsurAce,Insurance,avax_core,1,1,1616,1733,10166.12817,136311.94272,126145.81455,0.0745798788216405,4.0,1.0,active_on_avax,ge_10k,0.0,0,1,core_eligible,,1.0,resilient_or_unproven,0.0
ipor-fusion,IPOR Fusion,Yield Aggregator,fetch_failed,0,0,0,0,,,,,,0.0,data_fetch_failed,unknown,,0,0,data_incomplete,protocol_fetch_failed,0.0,data_fetch_failed,
iron-bank,Iron Bank,Lending,avax_core,1,1,1507,1507,55547.11427,213607.74886,158060.63459,0.2600425994208944,4.0,1.0,active_on_avax,ge_10k,0.0,0,1,core_eligible,,1.0,structural_decay,1.0
iron-finance,Iron Finance,CDP,avax_core,1,1,1642,1700,29.83632,315821.01045,315791.17413,9.447224539459071e-05,1.0,1.0,low_tvl_on_avax,lt_10k,1.0,0,1,core_eligible,,1.0,structural_decay,1.0
jarvis-network,Jarvis Network,Derivatives,avax_core,1,1,1103,1781,322.92685,292517.80882,292194.88197,0.0011039562045903064,1.0,1.0,low_tvl_on_avax,lt_10k,1.0,0,1,core_eligible,,1.0,structural_decay,1.0
joe-dex,Joe DEX,Dexs,avax_core,1,1,1658,1658,13418789.2844,13490807.7557,72018.47130000032,0.994661663511618,3.0,1.0,active_on_avax,ge_10k,0.0,0,1,core_eligible,,1.0,structural_decay,1.0
joe-lend,Joe Lend,Lending,avax_core,1,1,1255,1255,2379149.50193,2379149.50193,0.0,1.0,1.0,1.0,active_on_avax,ge_10k,0.0,0,1,core_eligible,,1.0,resilient_or_unproven,0.0
joe-stek,Joe Stek,Farm,avax_core,1,1,709,709,40194.23967,40194.23967,0.0,1.0,1.0,1.0,active_on_avax,ge_10k,0.0,0,1,core_eligible,,1.0,structural_decay,1.0
joe-v2,Joe V2,Dexs,avax_core,1,1,1208,1208,98173.04326,165505.88796000002,67332.84470000002,0.5931694906451109,2.0,1.0,active_on_avax,ge_10k,0.0,0,1,core_eligible,,1.0,structural_decay,1.0
joe-v2.1,Joe V2.1,Dexs,avax_core,1,1,1067,1067,2773204.2633,3975091.05464,1201886.79134,0.6976454690422563,3.0,1.0,active_on_avax,ge_10k,0.0,0,1,core_eligible,,1.0,resilient_or_unproven,0.0
joe-v2.2,Joe V2.2,Dexs,avax_core,1,1,627,627,27538439.05425,30325538.474669997,2787099.4204199985,0.90809398412668,3.0,1.0,active_on_avax,ge_10k,0.0,0,1,core_eligible,,1.0,resilient_or_unproven,0.0
k3-capital,K3 Capital,Risk Curators,avax_core,1,1,889,889,16030519.21008,218277051.91457,202246532.70449,0.07344115686679732,6.0,1.0,active_on_avax,ge_10k,0.0,0,1,core_eligible,,1.0,resilient_or_unproven,0.0
kalmy-app,Kalmy App,Yield,avax_core,1,1,1349,1494,0.0,32795.44231,32795.44231,0.0,1.0,1.0,low_tvl_on_avax,lt_10k,1.0,0,1,core_eligible,,1.0,structural_decay,1.0
kandyland-finance,Kandyland Finance,Reserve Currency,avax_core,1,1,600,600,0.0,0.0,0.0,0.0,0.0,1.0,low_tvl_on_avax,lt_10k,1.0,0,1,core_eligible,,1.0,structural_decay,1.0
karma-dao,Karma DAO,Reserve Currency,avax_core,1,1,1521,1521,0.0,0.0,0.0,0.0,0.0,1.0,low_tvl_on_avax,lt_10k,1.0,0,1,core_eligible,,1.0,structural_decay,1.0
kassandra-dao,Kassandra DAO,Indexes,avax_core,1,1,1491,1491,691.58966,854.1287599999999,162.53909999999996,0.809701876798997,0.0,1.0,low_tvl_on_avax,lt_10k,1.0,0,1,core_eligible,,1.0,resilient_or_unproven,0.0
kayak-v2,Kayak V2,Dexs,avax_core,1,1,616,616,844.65023,844.65023,0.0,1.0,0.0,1.0,low_tvl_on_avax,lt_10k,1.0,0,1,core_eligible,,1.0,structural_decay,1.0
kewl-exchange,KEWL EXCHANGE,Dexs,avax_core,1,1,360,739,0.28538,31640.554930000002,31640.26955,9.019437258017776e-06,1.0,0.99726,low_tvl_on_avax,lt_10k,1.0,0,1,core_eligible,,0.99726,censored,
keyring,Keyring,Risk Curators,avax_core,1,1,221,221,6224534.89963,6224534.89963,0.0,1.0,1.0,0.881644,active_on_avax,ge_10k,0.0,0,1,core_eligible,,0.881644,censored,
kine-finance,Kine Finance,Yield,avax_core,1,1,1487,1808,966.0513,1013591.70962,1012625.6583199999,0.0009530970812322221,2.0,1.0,low_tvl_on_avax,lt_10k,1.0,1,1,core_eligible,,1.0,resilient_or_unproven,0.0
kitty-finance,Kitty Finance,Algo-Stables,avax_core,1,1,1535,1535,0.0,0.0,0.0,0.0,0.0,1.0,low_tvl_on_avax,lt_10k,1.0,0,1,core_eligible,,1.0,structural_decay,1.0
kuu-finance,Kuu Finance,Dexs,avax_core,1,1,749,749,11300.58013,11300.58013,0.0,1.0,1.0,1.0,active_on_avax,ge_10k,0.0,0,1,core_eligible,,1.0,structural_decay,1.0
kyberswap-classic,KyberSwap Classic,Dexs,avax_core,1,1,1634,1947,69499.49861,1038016.88744,968517.38883,0.06695411168252043,7.0,1.0,active_on_avax,ge_10k,0.0,0,1,core_eligible,,1.0,resilient_or_unproven,0.0
kyberswap-elastic,KyberSwap Elastic,Dexs,avax_core,1,1,1037,1037,386.80603,120669.15507000001,120282.34904,0.003205508729845787,4.0,1.0,low_tvl_on_avax,lt_10k,1.0,1,1,core_eligible,,1.0,structural_decay,1.0
lagoon,Lagoon,Onchain Capital Allocator,avax_core,1,1,230,441,4435506.59678,122856655.33546002,118421148.73868002,0.03610310393579291,8.0,0.926027,active_on_avax,ge_10k,0.0,0,1,core_eligible,,0.926027,censored,
lama-miner,Lama Miner,Ponzi,avax_core,1,1,689,689,0.08135,0.08135,0.0,1.0,0.0,1.0,low_tvl_on_avax,lt_10k,1.0,0,1,core_eligible,,1.0,structural_decay,1.0
leech-protocol,Leech Protocol,Yield Aggregator,avax_core,1,1,899,899,9.46296,3503.12041,3493.65745,0.002701294529581985,0.0,1.0,low_tvl_on_avax,lt_10k,1.0,0,1,core_eligible,,1.0,structural_decay,1.0
life-dao,Life DAO,Reserve Currency,avax_core,1,1,1552,1552,69.50376,69.50376,0.0,1.0,0.0,1.0,low_tvl_on_avax,lt_10k,1.0,0,1,core_eligible,,1.0,structural_decay,1.0
louverture,Louverture,Yield,avax_core,1,1,614,614,0.0,0.0,0.0,0.0,0.0,1.0,low_tvl_on_avax,lt_10k,1.0,0,1,core_eligible,,1.0,structural_decay,1.0
lydia,Lydia,Dexs,avax_core,1,1,1783,1783,49559.26902,49559.26902,0.0,1.0,1.0,1.0,active_on_avax,ge_10k,0.0,0,1,core_eligible,,1.0,structural_decay,1.0
magic-square,Magic Square,Farm,avax_core,1,1,161,161,335.618,11833.71457,11498.09657,0.02836117079001002,1.0,0.832329,low_tvl_on_avax,lt_10k,1.0,0,1,core_eligible,,0.832329,censored,
magik-farm,Magik Farm,Yield Aggregator,avax_core,1,1,1300,1300,2969.78172,3762.76933,792.9876100000001,0.7892542591761796,0.0,1.0,low_tvl_on_avax,lt_10k,1.0,0,1,core_eligible,,1.0,structural_decay,1.0
magnet-dao,Magnet DAO,Algo-Stables,avax_core,1,1,1525,1525,0.65951,0.65951,0.0,1.0,0.0,1.0,low_tvl_on_avax,lt_10k,1.0,0,1,core_eligible,,1.0,structural_decay,1.0
marginswap,MarginSwap,Dexs,avax_core,1,1,610,610,0.0,0.0,0.0,0.0,0.0,1.0,low_tvl_on_avax,lt_10k,1.0,0,1,core_eligible,,1.0,resilient_or_unproven,0.0
maximizer,Maximizer,Reserve Currency,avax_core,1,1,646,646,0.45728,0.45728,0.0,1.0,0.0,1.0,low_tvl_on_avax,lt_10k,1.0,0,1,core_eligible,,1.0,structural_decay,1.0
meow-miner,Meow Miner,Ponzi,avax_core,1,1,725,725,0.0351,0.0351,0.0,1.0,0.0,1.0,low_tvl_on_avax,lt_10k,1.0,0,1,core_eligible,,1.0,structural_decay,1.0
mev-capital,MEV Capital,Risk Curators,avax_core,1,1,412,412,231138997.8761,326406161.66052,95267163.78442001,0.7081330716927366,9.0,1.0,active_on_avax,ge_10k,0.0,0,1,core_eligible,,1.0,censored,
midasdao,MidasDAO,Reserve Currency,avax_core,1,1,637,637,0.0,0.0,0.0,0.0,0.0,1.0,low_tvl_on_avax,lt_10k,1.0,0,1,core_eligible,,1.0,structural_decay,1.0
mint-club-v2,Mint Club V2,Launchpad,avax_core,1,1,709,709,521.6434,730120.6565699999,729599.0131699999,0.0007144619116114376,5.0,1.0,low_tvl_on_avax,lt_10k,1.0,1,1,core_eligible,,1.0,structural_decay,1.0
mintswap,MintSwap,Farm,avax_core,1,1,1570,1570,1231.18523,1231.18523,0.0,1.0,0.0,1.0,low_tvl_on_avax,lt_10k,1.0,0,1,core_eligible,,1.0,structural_decay,1.0
monocerus,Monocerus,Dexs,avax_core,1,1,878,878,198.00357,202.82513,4.821560000000005,0.9762279950221158,0.0,1.0,low_tvl_on_avax,lt_10k,1.0,0,1,core_eligible,,1.0,structural_decay,1.0
monroe-protocol,Monroe Protocol,CDP,avax_core,1,1,681,728,3911.35342,5008.26052,1096.9071,0.7809804231190434,0.0,1.0,low_tvl_on_avax,lt_10k,1.0,0,1,core_eligible,,1.0,structural_decay,1.0
moremoney,Moremoney,Lending,avax_core,1,1,1449,1449,7473.88535,7473.88535,0.0,1.0,0.0,1.0,low_tvl_on_avax,lt_10k,1.0,0,1,core_eligible,,1.0,structural_decay,1.0
mozaic,Mozaic,Yield,avax_core,1,1,902,902,1189.0275,7439.87036,6250.84286,0.15981830898462052,0.0,1.0,low_tvl_on_avax,lt_10k,1.0,0,1,core_eligible,,1.0,structural_decay,1.0
multi-chain-miner,Multi-Chain Miner,Ponzi,avax_core,1,1,1609,1609,0.10531,2.94466,2.83935,0.03576304225275584,0.0,1.0,low_tvl_on_avax,lt_10k,1.0,0,1,core_eligible,,1.0,structural_decay,1.0
multipli.fi,Multipli.fi,Yield,avax_core,1,1,206,360,15715.89281,342521093.07653004,342505377.18372005,4.588299269058029e-05,5.0,0.911507,active_on_avax,ge_10k,0.0,0,1,core_eligible,,0.911507,censored,
mushrooms-finance,Mushrooms Finance,Yield Aggregator,avax_core,1,1,1429,1883,15189.59023,28540.8594,13351.269170000001,0.5322050754365161,1.0,1.0,active_on_avax,ge_10k,0.0,0,1,core_eligible,,1.0,structural_decay,1.0
mux-perps,MUX Perps,Derivatives,avax_core,1,1,1219,1219,389034.60012,8962580.097199999,8573545.497079998,0.04340654096263401,4.0,1.0,active_on_avax,ge_10k,0.0,0,1,core_eligible,,1.0,resilient_or_unproven,0.0
napier,Napier,Yield,avax_core,1,1,360,615,0.0,298243.87330000004,298243.87330000004,0.0,1.0,0.99726,low_tvl_on_avax,lt_10k,1.0,0,1,core_eligible,,0.99726,censored,
native-swap,Native Swap,Dexs,avax_core,1,1,913,1064,1.8334,4513.66949,4511.83609,0.00040618835828850193,0.0,1.0,low_tvl_on_avax,lt_10k,1.0,0,1,core_eligible,,1.0,resilient_or_unproven,0.0
nereus-finance,Nereus Finance,Lending,avax_core,1,1,1473,1473,73744.42467,73744.42467,0.0,1.0,1.0,1.0,active_on_avax,ge_10k,0.0,0,1,core_eligible,,1.0,structural_decay,1.0
nested,Nested,Indexes,avax_core,1,1,1434,1434,5684.09007,140517.97454999998,134833.88447999998,0.04045098207686912,4.0,1.0,low_tvl_on_avax,lt_10k,1.0,1,1,core_eligible,,1.0,resilient_or_unproven,0.0
noaharkdao,NoahArkDAO,Reserve Currency,avax_core,1,1,1504,1504,15.54072,15.54072,0.0,1.0,0.0,1.0,low_tvl_on_avax,lt_10k,1.0,0,1,core_eligible,,1.0,structural_decay,1.0
nodo,NODO,Prediction Market,avax_core,1,1,425,425,0.00833,0.84549,0.83716,0.009852275012123149,0.0,1.0,low_tvl_on_avax,lt_10k,1.0,0,1,core_eligible,,1.0,censored,
nord-finance,Nord Finance,Yield Aggregator,avax_core,1,1,1419,1419,101.40761,5071.34697,4969.939359999999,0.019996188507685565,0.0,1.0,low_tvl_on_avax,lt_10k,1.0,0,1,core_eligible,,1.0,structural_decay,1.0
north-pole,North Pole,CDP,avax_core,1,1,1406,1406,698.50267,698.50267,0.0,1.0,0.0,1.0,low_tvl_on_avax,lt_10k,1.0,0,1,core_eligible,,1.0,structural_decay,1.0
o2-dao,O2 DAO,Reserve Currency,avax_core,1,1,1553,1553,0.0,0.0,0.0,0.0,0.0,1.0,low_tvl_on_avax,lt_10k,1.0,0,1,core_eligible,,1.0,structural_decay,1.0
oddz,Oddz,Options,avax_core,1,1,1481,1562,59193.24177,59199.59287,6.35109999999986,0.9998927171676003,1.0,1.0,active_on_avax,ge_10k,0.0,0,1,core_eligible,,1.0,resilient_or_unproven,0.0
oh-finance,Oh Finance,Yield,avax_core,1,1,1547,1547,2666.23988,3036.08206,369.8421800000001,0.878184392684037,0.0,1.0,low_tvl_on_avax,lt_10k,1.0,0,1,core_eligible,,1.0,structural_decay,1.0
olive-cash,Olive Cash,Yield,avax_core,1,1,1772,1772,24472.93823,93670.39174,69197.45351,0.26126653017454327,3.0,1.0,active_on_avax,ge_10k,0.0,0,1,core_eligible,,1.0,structural_decay,1.0
omni-exchange-flux,Omni Exchange Flux,Dexs,avax_core,1,1,236,236,13.36378,718.7416499999999,705.3778699999999,0.018593301223047254,0.0,0.893973,low_tvl_on_avax,lt_10k,1.0,0,1,core_eligible,,0.893973,censored,
omni-exchange-v2,Omni Exchange V2,Dexs,avax_core,1,1,231,231,8.4203,4710.273810000001,4701.853510000001,0.001787645546660906,0.0,0.889863,low_tvl_on_avax,lt_10k,1.0,0,1,core_eligible,,0.889863,censored,
omni-exchange-v3,Omni Exchange V3,Dexs,avax_core,1,1,236,236,46.01505,26536.18533,26490.17028,0.00173404916448102,1.0,0.893973,low_tvl_on_avax,lt_10k,1.0,0,1,core_eligible,,0.893973,censored,
omnibtc,OmniBTC,Lending,avax_core,1,1,875,933,0.00307,1908706.7100999998,1908706.7070299997,1.6084189277247096e-09,1.0,1.0,low_tvl_on_avax,lt_10k,1.0,0,1,core_eligible,,1.0,structural_decay,1.0
onavax,onAVAX,Dexs,avax_core,1,1,1329,1329,355.91184,355.91184,0.0,1.0,0.0,1.0,low_tvl_on_avax,lt_10k,1.0,0,1,core_eligible,,1.0,structural_decay,1.0
onx-finance,OnX Finance,Yield Aggregator,avax_core,1,1,1462,1820,0.0,249382.94039,249382.94039,0.0,1.0,1.0,low_tvl_on_avax,lt_10k,1.0,0,1,core_eligible,,1.0,structural_decay,1.0
openocean,OpenOcean,DEX Aggregator,avax_core,1,1,1582,1632,10310.59911,155393.55294,145082.95382999998,0.06635152433885781,3.0,1.0,active_on_avax,ge_10k,0.0,0,1,core_eligible,,1.0,structural_decay,1.0
opyn-gamma,Opyn Gamma,Options,avax_core,1,1,1849,1873,19499.67083,941674.5347099999,922174.86388,0.020707442020830646,2.0,1.0,active_on_avax,ge_10k,0.0,0,1,core_eligible,,1.0,structural_decay,1.0
orcadao,OrcaDAO,Lending,avax_core,1,1,1608,1608,9056.16498,9056.16498,0.0,1.0,0.0,1.0,low_tvl_on_avax,lt_10k,1.0,0,1,core_eligible,,1.0,structural_decay,1.0
ordernchaos,OrderNChaos,Algo-Stables,avax_core,1,1,1323,1323,14673.61689,60548.262480000005,45874.64559000001,0.24234579637767334,2.0,1.0,active_on_avax,ge_10k,0.0,0,1,core_eligible,,1.0,structural_decay,1.0
pangolin-v2,Pangolin V2,Dexs,avax_core,1,1,1769,1769,1805793.90713,1846483.06464,40689.15751000005,0.9779639692942794,2.0,1.0,active_on_avax,ge_10k,0.0,0,1,core_eligible,,1.0,resilient_or_unproven,0.0
pangolin-v3,Pangolin V3,Dexs,avax_core,1,1,217,217,403573.52605,419560.87598,15987.349930000026,0.9618950411125509,2.0,0.878356,active_on_avax,ge_10k,0.0,0,1,core_eligible,,0.878356,censored,
papa-dao,Papa DAO,Reserve Currency,avax_core,1,1,1548,1548,7.62014,7.62014,0.0,1.0,0.0,1.0,low_tvl_on_avax,lt_10k,1.0,0,1,core_eligible,,1.0,structural_decay,1.0
parallel-protocol-v3,Parallel Protocol V3,CDP,avax_core,1,1,174,223,2135857.78317,3206678.9540500003,1070821.17088,0.6660653635040188,4.0,0.856438,active_on_avax,ge_10k,0.0,0,1,core_eligible,,0.856438,censored,
partyswap,PartySwap,Dexs,avax_core,1,1,1555,1555,4445.55758,4445.55758,0.0,1.0,0.0,1.0,low_tvl_on_avax,lt_10k,1.0,0,1,core_eligible,,1.0,structural_decay,1.0
pendle,Pendle,Yield,avax_core,1,1,1573,1699,52546.62706,2149026798.77143,2148974252.14437,2.4451359606143678e-05,11.0,1.0,active_on_avax,ge_10k,0.0,0,1,core_eligible,,1.0,resilient_or_unproven,0.0
penguin-finance,Penguin Finance,Yield,avax_core,1,1,1696,1787,88332.7646,88332.7646,0.0,1.0,1.0,1.0,active_on_avax,ge_10k,0.0,0,1,core_eligible,,1.0,structural_decay,1.0
pharaoh-cl,Pharaoh CL,Dexs,avax_core,1,1,815,815,6313986.75455,6313986.75455,0.0,1.0,1.0,1.0,active_on_avax,ge_10k,0.0,0,1,core_eligible,,1.0,resilient_or_unproven,0.0
pharaoh-legacy,Pharaoh Legacy,Dexs,avax_core,1,1,727,727,3486041.87088,3486041.87088,0.0,1.0,1.0,1.0,active_on_avax,ge_10k,0.0,0,1,core_eligible,,1.0,resilient_or_unproven,0.0
pharaoh-v3,Pharaoh V3,Dexs,avax_core,1,1,147,147,29598842.50312,29598842.50312,0.0,1.0,1.0,0.820822,active_on_avax,ge_10k,0.0,0,1,core_eligible,,0.820822,censored,
pharaoh-v3-legacy,Pharaoh V3 Legacy,Dexs,avax_core,1,1,147,147,1139551.65045,1139551.65045,0.0,1.0,1.0,0.820822,active_on_avax,ge_10k,0.0,0,1,core_eligible,,0.820822,censored,
phuture,Phuture,Indexes,avax_core,1,1,1268,1362,858275.15935,861499.41787,3224.258520000032,0.99625738746525,1.0,1.0,active_on_avax,ge_10k,0.0,0,1,core_eligible,,1.0,resilient_or_unproven,0.0
piggy-finance,Piggy Finance,Yield,avax_core,1,1,616,616,0.0,0.0,0.0,0.0,0.0,1.0,low_tvl_on_avax,lt_10k,1.0,0,1,core_eligible,,1.0,structural_decay,1.0
piggybank-dao,Piggybank DAO,Reserve Currency,avax_core,1,1,655,655,0.0,0.0,0.0,0.0,0.0,1.0,low_tvl_on_avax,lt_10k,1.0,0,1,core_eligible,,1.0,structural_decay,1.0
pinksale,PinkSale,Launchpad,avax_core,1,1,1281,1281,55242.96014,165799955.11686,165744712.15672,0.00033319044086027263,5.0,1.0,active_on_avax,ge_10k,0.0,0,1,core_eligible,,1.0,resilient_or_unproven,0.0
piratedao,PirateDAO,Reserve Currency,avax_core,1,1,1533,1533,800.67862,800.67862,0.0,1.0,0.0,1.0,low_tvl_on_avax,lt_10k,1.0,0,1,core_eligible,,1.0,structural_decay,1.0
platypus-finance,Platypus Finance,Dexs,avax_core,1,1,1561,1561,46567.27869,46567.27869,0.0,1.0,1.0,1.0,active_on_avax,ge_10k,0.0,0,1,core_eligible,,1.0,structural_decay,1.0
ploutos-money,Ploutos Money,Lending,avax_core,1,1,9,152,10576.20272,18055.375659999998,7479.172939999999,0.5857647561125294,1.0,0.746575,active_on_avax,ge_10k,0.0,0,1,core_eligible,,0.746575,insufficient_early_window,
polar-bear-finance,Polar Bear Finance,Algo-Stables,avax_core,1,1,1457,1457,0.0,0.0,0.0,0.0,0.0,1.0,low_tvl_on_avax,lt_10k,1.0,0,1,core_eligible,,1.0,structural_decay,1.0
poolside,Poolside,Dexs,avax_core,1,1,872,872,199.14263,37544.03495,37344.89232,0.00530424154636581,1.0,1.0,low_tvl_on_avax,lt_10k,1.0,0,1,core_eligible,,1.0,structural_decay,1.0
pooltogether-v4,PoolTogether V4,Yield Lottery,avax_core,1,1,866,866,16032.46694,752539.11728,736506.65034,0.02130449643328606,4.0,1.0,active_on_avax,ge_10k,0.0,0,1,core_eligible,,1.0,resilient_or_unproven,0.0
poolz-vesting,Poolz Vesting,Launchpad,avax_core,1,1,172,576,0.0,18899.81432,18899.81432,0.0,1.0,0.894247,low_tvl_on_avax,lt_10k,1.0,0,1,core_eligible,,0.894247,censored,
prime-protocol,Prime Protocol,Lending,avax_core,1,1,1027,1027,32166.41056,375150.93450999993,342984.52394999994,0.0857425841202125,8.0,1.0,active_on_avax,ge_10k,0.0,0,1,core_eligible,,1.0,resilient_or_unproven,0.0
printyfinance,printyfinance,Dexs,avax_core,1,1,1052,1052,1186.89352,1186.89352,0.0,1.0,0.0,1.0,low_tvl_on_avax,lt_10k,1.0,0,1,core_eligible,,1.0,structural_decay,1.0
projectx,ProjectX,Yield,avax_core,1,1,572,572,0.0,0.0,0.0,0.0,0.0,1.0,low_tvl_on_avax,lt_10k,1.0,0,1,core_eligible,,1.0,structural_decay,1.0
pumpspace,PumpSpace,Dexs,avax_core,1,1,123,123,1231513.0,1231513.0,0.0,1.0,1.0,0.801096,active_on_avax,ge_10k,0.0,0,1,core_eligible,,0.801096,censored,
pyreswap,PyreSwap,Dexs,avax_core,1,1,714,714,5981.59895,36919.88829,30938.289340000003,0.16201562970655453,2.0,1.0,low_tvl_on_avax,lt_10k,1.0,0,1,core_eligible,,1.0,structural_decay,1.0
qidao,QiDao,CDP,avax_core,1,1,1573,1770,132867.71223,3092526.83307,2959659.12084,0.04296412590803622,8.0,1.0,active_on_avax,ge_10k,0.0,0,1,core_eligible,,1.0,resilient_or_unproven,0.0
r-u-generous,R U Generous,Reserve Currency,avax_core,1,1,1561,1561,0.0,0.0,0.0,0.0,0.0,1.0,low_tvl_on_avax,lt_10k,1.0,0,1,core_eligible,,1.0,structural_decay,1.0
radioshack,RadioShack,Dexs,avax_core,1,1,1432,1432,113512.26109,510975.74986000004,397463.48877000005,0.22214803955197623,4.0,1.0,active_on_avax,ge_10k,0.0,0,1,core_eligible,,1.0,structural_decay,1.0
ragnarokdao,RagnarokDAO,Reserve Currency,avax_core,1,1,1542,1542,0.0,0.0,0.0,0.0,0.0,1.0,low_tvl_on_avax,lt_10k,1.0,0,1,core_eligible,,1.0,structural_decay,1.0
ramp,Ramp,CDP,avax_core,1,1,1287,1449,0.0,0.0,0.0,0.0,0.0,1.0,low_tvl_on_avax,lt_10k,1.0,0,1,core_eligible,,1.0,structural_decay,1.0
re7-labs,Re7 Labs,Risk Curators,avax_core,1,1,412,412,20037875.99299,103242463.05899,83204587.066,0.1940856058571645,13.0,1.0,active_on_avax,ge_10k,0.0,0,1,core_eligible,,1.0,censored,
rehold-v1,ReHold V1,Yield,avax_core,1,1,1053,1107,0.0,0.14031,0.14031,0.0,0.0,1.0,low_tvl_on_avax,lt_10k,1.0,0,1,core_eligible,,1.0,structural_decay,1.0
rehold-v2,ReHold V2,Yield,avax_core,1,1,943,943,0.88033,14.374820000000001,13.49449,0.06124111467134892,0.0,1.0,low_tvl_on_avax,lt_10k,1.0,0,1,core_eligible,,1.0,resilient_or_unproven,0.0
reservoir,Reservoir,Dexs,avax_core,1,1,897,897,17.20546,17.20546,0.0,1.0,0.0,1.0,low_tvl_on_avax,lt_10k,1.0,0,1,core_eligible,,1.0,structural_decay,1.0
return-finance,Return Finance,Yield Aggregator,avax_core,1,1,726,726,0.05293,257.03934,256.98641,0.00020592178613592767,0.0,1.0,low_tvl_on_avax,lt_10k,1.0,0,1,core_eligible,,1.0,structural_decay,1.0
revest-finance,Revest Finance,NFT Lending,avax_core,1,1,1505,1541,7.194,90470.48027000001,90463.28627000001,7.951765016091694e-05,1.0,1.0,low_tvl_on_avax,lt_10k,1.0,0,1,core_eligible,,1.0,structural_decay,1.0
ribbon,Ribbon,Options Vault,avax_core,1,1,1531,1786,80677.9647,3619171.38654,3538493.42184,0.022291833152762005,3.0,1.0,active_on_avax,ge_10k,0.0,0,1,core_eligible,,1.0,structural_decay,1.0
ripae,Ripae,Algo-Stables,avax_core,1,1,1459,1490,0.0,0.0,0.0,0.0,0.0,1.0,low_tvl_on_avax,lt_10k,1.0,0,1,core_eligible,,1.0,structural_decay,1.0
risk-harbor,Risk Harbor,Insurance,avax_core,1,1,1316,1435,1734.08486,38719.40077,36985.31591,0.044785942589885795,2.0,1.0,low_tvl_on_avax,lt_10k,1.0,0,1,core_eligible,,1.0,resilient_or_unproven,0.0
robo-vault,Robo-Vault,Yield,avax_core,1,1,1330,1637,1824.01214,3799.72537,1975.71323,0.48003788758028054,0.0,1.0,low_tvl_on_avax,lt_10k,1.0,0,1,core_eligible,,1.0,structural_decay,1.0
royco-v2,Royco V2,Yield,avax_core,1,1,19,19,4528144.60045,10243337.974909998,5715193.374459999,0.4420575218294294,2.0,0.715616,active_on_avax,ge_10k,0.0,0,1,core_eligible,,0.715616,insufficient_early_window,
rubydex,RubyDex,Derivatives,avax_core,1,1,860,1144,0.0,24.138450000000002,24.138450000000002,0.0,0.0,1.0,low_tvl_on_avax,lt_10k,1.0,0,1,core_eligible,,1.0,structural_decay,1.0
salvor,Salvor,NFT Marketplace,avax_core,1,1,766,766,469465.41849,469465.41849,0.0,1.0,1.0,1.0,active_on_avax,ge_10k,0.0,0,1,core_eligible,,1.0,resilient_or_unproven,0.0
sashimidao,SashimiDAO,Reserve Currency,avax_core,1,1,602,602,1.44295,1.44295,0.0,1.0,0.0,1.0,low_tvl_on_avax,lt_10k,1.0,0,1,core_eligible,,1.0,structural_decay,1.0
seafi,SeaFi,Yield,avax_core,1,1,748,748,292308.21495,292308.21495,0.0,1.0,1.0,1.0,active_on_avax,ge_10k,0.0,0,1,core_eligible,,1.0,resilient_or_unproven,0.0
secondswap,SecondSwap,OTC Marketplace,avax_core,1,1,17,17,79.36017,1981344.34033,1981264.98016,4.0053699089367915e-05,1.0,0.713973,low_tvl_on_avax,lt_10k,1.0,0,1,core_eligible,,0.713973,insufficient_early_window,
secured-finance-lending,Secured Finance Lending,Lending,avax_core,1,1,737,737,204.03477,433442.26044,433238.22566999996,0.00047073114142787625,2.0,1.0,low_tvl_on_avax,lt_10k,1.0,1,1,core_eligible,,1.0,structural_decay,1.0
securo-finance,Securo Finance,Indexes,avax_core,1,1,1320,1320,17.0,36.0,19.0,0.4722222222222222,0.0,1.0,low_tvl_on_avax,lt_10k,1.0,0,1,core_eligible,,1.0,structural_decay,1.0
sherpa-cash,Sherpa Cash,Privacy,avax_core,1,1,1441,1441,14788.2236,14788.2236,0.0,1.0,1.0,1.0,active_on_avax,ge_10k,0.0,0,1,core_eligible,,1.0,structural_decay,1.0
sierra,Sierra,Reserve Currency,avax_core,1,1,604,604,842.25292,842.25292,0.0,1.0,0.0,1.0,low_tvl_on_avax,lt_10k,1.0,0,1,core_eligible,,1.0,structural_decay,1.0
sierra-protocol,Sierra Protocol,Yield,avax_core,1,1,34,34,4790973.14188,4790973.14188,0.0,1.0,1.0,0.727945,active_on_avax,ge_10k,0.0,0,1,core_eligible,,0.727945,no_future_window,
silo-v2,Silo V2,Lending,avax_core,1,1,253,423,9070465.1262,45038011.27053,35967546.14433,0.20139577371026446,4.0,0.93863,active_on_avax,ge_10k,0.0,0,1,core_eligible,,0.93863,censored,
singular-farm,Singular Farm,Yield,avax_core,1,1,1634,1634,3916.68297,22318.716169999996,18402.033199999998,0.17548872167049923,1.0,1.0,low_tvl_on_avax,lt_10k,1.0,0,1,core_eligible,,1.0,structural_decay,1.0
smartcoin,SmartCoin,Yield,avax_core,1,1,1595,1595,0.0,0.0,0.0,0.0,0.0,1.0,low_tvl_on_avax,lt_10k,1.0,0,1,core_eligible,,1.0,structural_decay,1.0
snowball,Snowball,Yield,avax_core,1,1,1675,1675,308229.11437,308229.11437,0.0,1.0,1.0,1.0,active_on_avax,ge_10k,0.0,0,1,core_eligible,,1.0,resilient_or_unproven,0.0
snowbank,Snowbank,Reserve Currency,avax_core,1,1,1582,1582,0.0,0.0,0.0,0.0,0.0,1.0,low_tvl_on_avax,lt_10k,1.0,0,1,core_eligible,,1.0,structural_decay,1.0
snowcatdao,SnowCatDAO,Reserve Currency,avax_core,1,1,1533,1533,0.0,0.0,0.0,0.0,0.0,1.0,low_tvl_on_avax,lt_10k,1.0,0,1,core_eligible,,1.0,structural_decay,1.0
snowdog,Snowdog,Reserve Currency,avax_core,1,1,655,655,0.29157,0.29157,0.0,1.0,0.0,1.0,low_tvl_on_avax,lt_10k,1.0,0,1,core_eligible,,1.0,structural_decay,1.0
snowtomb,Snowtomb,Algo-Stables,avax_core,1,1,1500,1500,0.0,0.0,0.0,0.0,0.0,1.0,low_tvl_on_avax,lt_10k,1.0,0,1,core_eligible,,1.0,structural_decay,1.0
snowyowl,Snowyowl,Algo-Stables,avax_core,1,1,1465,1465,0.0,0.0,0.0,0.0,0.0,1.0,low_tvl_on_avax,lt_10k,1.0,0,1,core_eligible,,1.0,structural_decay,1.0
solisnek-finance,SoliSnek Finance,Dexs,avax_core,1,1,1064,1064,9327.55964,9327.55964,0.0,1.0,0.0,1.0,low_tvl_on_avax,lt_10k,1.0,0,1,core_eligible,,1.0,structural_decay,1.0
solv-strategies,Solv Strategies,Onchain Capital Allocator,avax_core,1,1,307,307,13582729.6996,55962894.62075,42380164.92115,0.24270956303542912,3.0,0.952329,active_on_avax,ge_10k,0.0,0,1,core_eligible,,0.952329,censored,
soulswap,SoulSwap,Dexs,avax_core,1,1,1236,1635,188.00008,2346.6102499999997,2158.61017,0.0801155965290785,0.0,1.0,low_tvl_on_avax,lt_10k,1.0,0,1,core_eligible,,1.0,structural_decay,1.0
spark-liquidity-layer,Spark Liquidity Layer,Onchain Capital Allocator,avax_core,1,1,132,340,10002098.66212,1465787143.3164,1455785044.65428,0.006823704729385103,6.0,0.865479,active_on_avax,ge_10k,0.0,0,1,core_eligible,,0.865479,no_future_window,
spark-savings,Spark Savings,Yield,avax_core,1,1,137,179,182441926.14557,1437126462.78224,1254684536.6366699,0.12694911051346666,6.0,0.82411,active_on_avax,ge_10k,0.0,0,1,core_eligible,,0.82411,censored,
spectra-v2,Spectra V2,Yield,avax_core,1,1,249,650,4715169.85942,28746787.94772,24031618.088299997,0.1640242335246354,11.0,0.936438,active_on_avax,ge_10k,0.0,0,1,core_eligible,,0.936438,censored,
spice-trade,Spice Trade,Algo-Stables,avax_core,1,1,1370,1370,2493.64468,8995.345249999998,6501.700569999999,0.2772150051717026,0.0,1.0,low_tvl_on_avax,lt_10k,1.0,0,1,core_eligible,,1.0,structural_decay,1.0
spicy-dao,Spicy DAO,Reserve Currency,avax_core,1,1,1536,1536,272.16475,272.16475,0.0,1.0,0.0,1.0,low_tvl_on_avax,lt_10k,1.0,0,1,core_eligible,,1.0,structural_decay,1.0
spiritdao,SpiritDAO,Reserve Currency,avax_core,1,1,1538,1538,2011.69528,2011.69528,0.0,1.0,0.0,1.0,low_tvl_on_avax,lt_10k,1.0,0,1,core_eligible,,1.0,structural_decay,1.0
stabilize,Stabilize,CDP,avax_core,1,1,1587,1587,19552.07517,19552.07517,0.0,1.0,1.0,1.0,active_on_avax,ge_10k,0.0,0,1,core_eligible,,1.0,structural_decay,1.0
stable-jack-v1,Stable Jack V1,Yield,avax_core,1,1,623,623,1629502.68521,1629502.68521,0.0,1.0,1.0,1.0,active_on_avax,ge_10k,0.0,0,1,core_eligible,,1.0,resilient_or_unproven,0.0
stable-jack-v2,Stable Jack V2,Yield,avax_core,1,1,313,336,2792.78744,12766.63845,9973.85101,0.2187566798368916,0.0,0.963562,low_tvl_on_avax,lt_10k,1.0,0,1,core_eligible,,0.963562,censored,
stackfi,StackFi,Lending,avax_core,1,1,42,42,638.55592,650.1932,11.637280000000032,0.98210181219982,0.0,0.734521,low_tvl_on_avax,lt_10k,1.0,0,1,core_eligible,,0.734521,no_future_window,
stake-dao,Stake DAO,Yield,avax_core,1,1,1579,1797,209764.18038,170329500.96591002,170119736.78553003,0.001231519960960741,8.0,1.0,active_on_avax,ge_10k,0.0,0,1,core_eligible,,1.0,structural_decay,1.0
steadefi,Steadefi,Leveraged Farming,avax_core,1,1,1061,1061,3.30143,576.13068,572.82925,0.005730349232573415,0.0,1.0,low_tvl_on_avax,lt_10k,1.0,0,1,core_eligible,,1.0,structural_decay,1.0
steakhut,SteakHut,Farm,avax_core,1,1,1383,1383,0.0,0.0,0.0,0.0,0.0,1.0,low_tvl_on_avax,lt_10k,1.0,0,1,core_eligible,,1.0,resilient_or_unproven,0.0
steakhut-liquidity,SteakHut Liquidity,Liquidity Manager,avax_core,1,1,1145,1145,58319.49596,62692.18278,4372.686820000003,0.9302514823045055,1.0,1.0,active_on_avax,ge_10k,0.0,0,1,core_eligible,,1.0,resilient_or_unproven,0.0
steer-protocol,Steer Protocol,Liquidity Manager,avax_core,1,1,951,982,1374.47132,26088285.674150005,26086911.202830005,5.268538290202476e-05,15.0,1.0,low_tvl_on_avax,lt_10k,1.0,1,1,core_eligible,,1.0,structural_decay,1.0
stonedefi,StoneDefi,Yield Aggregator,avax_core,1,1,1518,1518,12124.19951,71483.96455,59359.765040000006,0.16960726208070953,3.0,1.0,active_on_avax,ge_10k,0.0,0,1,core_eligible,,1.0,structural_decay,1.0
stormswap,StormSwap,Yield,avax_core,1,1,1579,1645,8176.13153,9051.26644,875.1349099999998,0.9033135400663336,0.0,1.0,low_tvl_on_avax,lt_10k,1.0,0,1,core_eligible,,1.0,insufficient_early_window,
struct-finance,Struct Finance,Yield,avax_core,1,1,986,986,20357.63665,20357.63665,0.0,1.0,1.0,1.0,active_on_avax,ge_10k,0.0,0,1,core_eligible,,1.0,structural_decay,1.0
stryke-ssov,Stryke SSOV,Options,avax_core,1,1,1564,1610,0.0,11044.81295,11044.81295,0.0,1.0,1.0,low_tvl_on_avax,lt_10k,1.0,0,1,core_eligible,,1.0,structural_decay,1.0
subzero+,Subzero+,Reserve Currency,avax_core,1,1,1121,1121,0.0,0.0,0.0,0.0,0.0,1.0,low_tvl_on_avax,lt_10k,1.0,0,1,core_eligible,,1.0,structural_decay,1.0
subzero-zswap,Subzero ZSwap,Dexs,avax_core,1,1,1243,1243,1611.74715,1611.74715,0.0,1.0,0.0,1.0,low_tvl_on_avax,lt_10k,1.0,0,1,core_eligible,,1.0,resilient_or_unproven,0.0
superform,Superform,Yield Aggregator,avax_core,1,1,774,774,2980.87048,33213140.89469,33210160.02421,8.974973157316088e-05,5.0,1.0,low_tvl_on_avax,lt_10k,1.0,1,1,core_eligible,,1.0,resilient_or_unproven,0.0
sushi-bentobox,Sushi BentoBox,Yield,avax_core,1,1,1001,1001,0.0,2910360.65165,2910360.65165,0.0,3.0,1.0,low_tvl_on_avax,lt_10k,1.0,1,1,core_eligible,,1.0,resilient_or_unproven,0.0
sushi-kashi,Sushi Kashi,Lending,avax_core,1,1,1261,1414,1441.58292,142338.75280000002,140897.16988000003,0.010127831610450923,3.0,1.0,low_tvl_on_avax,lt_10k,1.0,1,1,core_eligible,,1.0,structural_decay,1.0
sushi-trident,Sushi Trident,Dexs,avax_core,1,1,1016,1112,0.0,274513.67626,274513.67626,0.0,2.0,1.0,low_tvl_on_avax,lt_10k,1.0,1,1,core_eligible,,1.0,structural_decay,1.0
sushiswap,SushiSwap,Dexs,avax_core,1,1,1695,1976,55299.27793,42497032.19267999,42441732.91474999,0.0013012503480072466,13.0,1.0,active_on_avax,ge_10k,0.0,0,1,core_eligible,,1.0,resilient_or_unproven,0.0
sushiswap-v3,SushiSwap V3,Dexs,avax_core,1,1,999,1005,34956.35305,84130277.98989001,84095321.63684002,0.0004155026452450416,18.0,1.0,active_on_avax,ge_10k,0.0,0,1,core_eligible,,1.0,resilient_or_unproven,0.0
suzaku,Suzaku,Restaking,avax_core,1,1,525,525,1357231.79622,1357231.79622,0.0,1.0,1.0,1.0,active_on_avax,ge_10k,0.0,0,1,core_eligible,,1.0,resilient_or_unproven,0.0
swapsicle-v1,Swapsicle V1,Dexs,avax_core,1,1,1377,1377,18693.30963,19203.51707,510.20744000000195,0.9734315626590582,1.0,1.0,active_on_avax,ge_10k,0.0,0,1,core_eligible,,1.0,structural_decay,1.0
swift-finance,Swift Finance,Yield,avax_core,1,1,1582,1582,768.51282,768.51282,0.0,1.0,0.0,1.0,low_tvl_on_avax,lt_10k,1.0,0,1,core_eligible,,1.0,structural_decay,1.0
swing-dao,Swing DAO,Reserve Currency,avax_core,1,1,613,613,0.02069,0.02069,0.0,1.0,0.0,1.0,low_tvl_on_avax,lt_10k,1.0,0,1,core_eligible,,1.0,structural_decay,1.0
symphony-finance,Symphony Finance,Dexs,avax_core,1,1,1002,1002,352.56038,853.52017,500.95979,0.4130662547787242,0.0,1.0,low_tvl_on_avax,lt_10k,1.0,0,1,core_eligible,,1.0,structural_decay,1.0
tarina,Tarina,Dexs,avax_core,1,1,1418,1418,52.42921,52.42921,0.0,1.0,0.0,1.0,low_tvl_on_avax,lt_10k,1.0,0,1,core_eligible,,1.0,resilient_or_unproven,0.0
tarot,Tarot,Lending,avax_core,1,1,1063,1670,6844.25188,573623.8573599999,566779.6054799999,0.011931602551364289,3.0,1.0,low_tvl_on_avax,lt_10k,1.0,1,1,core_eligible,,1.0,structural_decay,1.0
team-finance,Team Finance,Token Locker,avax_core,1,1,1246,1246,430493.34454,48825934.12943,48395440.78489,0.008816899301892079,7.0,1.0,active_on_avax,ge_10k,0.0,0,1,core_eligible,,1.0,resilient_or_unproven,0.0
teddy-cash,Teddy Cash,CDP,avax_core,1,1,1641,1641,14000.89466,14000.89466,0.0,1.0,1.0,1.0,active_on_avax,ge_10k,0.0,0,1,core_eligible,,1.0,structural_decay,1.0
tempodao,TempoDAO,Reserve Currency,avax_core,1,1,1548,1548,3.39632,3.39632,0.0,1.0,0.0,1.0,low_tvl_on_avax,lt_10k,1.0,0,1,core_eligible,,1.0,structural_decay,1.0
termfinance-lend,TermFinance Lend,Lending,avax_core,1,1,1002,1002,0.0,1855209.02352,1855209.02352,0.0,1.0,1.0,low_tvl_on_avax,lt_10k,1.0,0,1,core_eligible,,1.0,resilient_or_unproven,0.0
termfinance-vaults,TermFinance Vaults,Yield,avax_core,1,1,343,343,1384873.99908,15160463.86346,13775589.86438,0.09134773259925417,4.0,0.981918,active_on_avax,ge_10k,0.0,0,1,core_eligible,,0.981918,censored,
the-dragons-lair,The Dragon's Lair,Yield,avax_core,1,1,1629,1629,78.67273,78.67273,0.0,1.0,0.0,1.0,low_tvl_on_avax,lt_10k,1.0,0,1,core_eligible,,1.0,structural_decay,1.0
the-ennead-farm,The Ennead Farm,Yield,avax_core,1,1,964,964,62.93052,3718.9872,3656.05668,0.01692141344288574,0.0,1.0,low_tvl_on_avax,lt_10k,1.0,0,1,core_eligible,,1.0,structural_decay,1.0
the-seed-farm,The Seed Farm,Yield,avax_core,1,1,1531,1531,1947.86712,1947.86712,0.0,1.0,0.0,1.0,low_tvl_on_avax,lt_10k,1.0,0,1,core_eligible,,1.0,structural_decay,1.0
thetanuts-finance,Thetanuts Finance,Yield,avax_core,1,1,1496,1496,41293.25382,867571.50266,826278.24884,0.04759636951351405,6.0,1.0,active_on_avax,ge_10k,0.0,0,1,core_eligible,,1.0,structural_decay,1.0
thor-financial,Thor Financial,Yield,avax_core,1,1,572,572,0.0,0.0,0.0,0.0,0.0,1.0,low_tvl_on_avax,lt_10k,1.0,0,1,core_eligible,,1.0,structural_decay,1.0
thorchain-dex,Thorchain DEX,Dexs,avax_core,1,1,1065,1760,1006768.09347,65529398.338740006,64522630.24527001,0.015363609601079057,12.0,1.0,active_on_avax,ge_10k,0.0,0,1,core_eligible,,1.0,resilient_or_unproven,0.0
thorusfi,ThorusFi,Dexs,avax_core,1,1,1522,1522,12697.07777,12838.2832,141.20542999999998,0.9890012217521421,1.0,1.0,active_on_avax,ge_10k,0.0,0,1,core_eligible,,1.0,structural_decay,1.0
token-mill,Token Mill,Launchpad,avax_core,1,1,238,238,40862.3777,69025.07559,28162.697889999996,0.5919932336288515,2.0,0.895616,active_on_avax,ge_10k,0.0,0,1,core_eligible,,0.895616,censored,
tokensfarm,TokensFarm,Yield,avax_core,1,1,1411,1411,0.0,0.0,0.0,0.0,0.0,1.0,low_tvl_on_avax,lt_10k,1.0,0,1,core_eligible,,1.0,structural_decay,1.0
topshelf,TopShelf,CDP,avax_core,1,1,1543,1543,2082.26258,22824.23244,20741.96986,0.0912303441298112,1.0,1.0,low_tvl_on_avax,lt_10k,1.0,0,1,core_eligible,,1.0,structural_decay,1.0
tornadao,Tornadao,Reserve Currency,avax_core,1,1,1555,1555,7.09314,7.09314,0.0,1.0,0.0,1.0,low_tvl_on_avax,lt_10k,1.0,0,1,core_eligible,,1.0,structural_decay,1.0
tornado-cash,Tornado Cash,Privacy,avax_core,1,1,1385,2274,45522.78469,474258150.5947701,474212627.81008005,9.598735337054217e-05,8.0,1.0,active_on_avax,ge_10k,0.0,0,1,core_eligible,,1.0,resilient_or_unproven,0.0
tranche-finance,Tranche Finance,Yield,avax_core,1,1,1466,1729,36.40441,33284.35413000001,33247.949720000004,0.0010937394145553753,1.0,1.0,low_tvl_on_avax,lt_10k,1.0,0,1,core_eligible,,1.0,structural_decay,1.0
treehouse-finance,TreeHouse Finance,Yield,avax_core,1,1,558,558,29.06204,29.06204,0.0,1.0,0.0,1.0,low_tvl_on_avax,lt_10k,1.0,0,1,core_eligible,,1.0,structural_decay,1.0
treehouse-protocol,Treehouse Protocol,DOR,avax_core,1,1,191,545,7929144.48192,153633227.21288002,145704082.73096,0.051610869769292016,3.0,0.904658,active_on_avax,ge_10k,0.0,0,1,core_eligible,,0.904658,censored,
tulipa-capital,Tulipa Capital,Risk Curators,avax_core,1,1,102,411,4165821.91345,51236727.57526,47070905.661809996,0.08130538601105929,7.0,0.85589,active_on_avax,ge_10k,0.0,0,1,core_eligible,,0.85589,censored,
turtle-club,Turtle Club,Onchain Capital Allocator,avax_core,1,1,139,307,4395630.84407,5351172.191199999,955541.3471299997,0.8214332649019617,3.0,0.860274,active_on_avax,ge_10k,0.0,0,1,core_eligible,,0.860274,censored,
umami-finance,Umami Finance,Yield,avax_core,1,1,548,1573,0.0,567703.66826,567703.66826,0.0,1.0,1.0,low_tvl_on_avax,lt_10k,1.0,0,1,core_eligible,,1.0,structural_decay,1.0
uncx-network-v2,UNCX Network V2,Token Locker,avax_core,1,1,1347,1372,95614.00922,121950156.71672001,121854542.70750001,0.0007840417084670365,6.0,1.0,active_on_avax,ge_10k,0.0,0,1,core_eligible,,1.0,resilient_or_unproven,0.0
unifi,UniFi,Dexs,avax_core,1,1,1485,1611,152.67592,3593.63599,3440.96007,0.042485082079779586,0.0,1.0,low_tvl_on_avax,lt_10k,1.0,0,1,core_eligible,,1.0,structural_decay,1.0
uniswap-v2,Uniswap V2,Dexs,avax_core,1,1,741,2108,138405.39707,900674907.5076401,900536502.1105701,0.00015366853891044584,11.0,1.0,active_on_avax,ge_10k,0.0,0,1,core_eligible,,1.0,resilient_or_unproven,0.0
uniswap-v3,Uniswap V3,Dexs,avax_core,1,1,957,1753,4660072.41775,1588550134.9854398,1583890062.56769,0.002933538145960192,35.0,1.0,active_on_avax,ge_10k,0.0,0,1,core_eligible,,1.0,resilient_or_unproven,0.0
uniswap-v4,Uniswap V4,Dexs,avax_core,1,1,401,401,593803.17141,639040871.0537,638447067.88229,0.0009292100056619092,12.0,1.0,active_on_avax,ge_10k,0.0,0,1,core_eligible,,1.0,censored,
uno-farm,UNO farm,Yield Aggregator,avax_core,1,1,1121,1124,115.15543,2947.70558,2832.55015,0.039066123422000644,0.0,1.0,low_tvl_on_avax,lt_10k,1.0,0,1,core_eligible,,1.0,structural_decay,1.0
upshift,Upshift,Onchain Capital Allocator,avax_core,1,1,460,460,1346470.23376,316056390.00306,314709919.7693,0.00426022151853017,10.0,1.0,active_on_avax,ge_10k,0.0,0,1,core_eligible,,1.0,resilient_or_unproven,0.0
vacus-finance,Vacus Finance,Yield Aggregator,avax_core,1,1,399,399,0.8179,0.8179,0.0,1.0,0.0,1.0,low_tvl_on_avax,lt_10k,1.0,0,1,core_eligible,,1.0,censored,
valhalladao,ValhallaDAO,Reserve Currency,avax_core,1,1,1534,1534,2e-05,2e-05,0.0,1.0,0.0,1.0,low_tvl_on_avax,lt_10k,1.0,0,1,core_eligible,,1.0,structural_decay,1.0
vapordex-v1,VaporDex V1,Dexs,avax_core,1,1,1187,1187,408553.43918,408567.64136,14.202180000022054,0.9999652390973677,1.0,1.0,active_on_avax,ge_10k,0.0,0,1,core_eligible,,1.0,resilient_or_unproven,0.0
vapordex-v2,VaporDex V2,Dexs,avax_core,1,1,872,872,18882.48581,19052.21202,169.72621000000072,0.9910915220856333,1.0,1.0,active_on_avax,ge_10k,0.0,0,1,core_eligible,,1.0,resilient_or_unproven,0.0
vaporfi,VaporFi,Yield,avax_core,1,1,1488,1488,0.0,0.0,0.0,0.0,0.0,1.0,low_tvl_on_avax,lt_10k,1.0,0,1,core_eligible,,1.0,structural_decay,1.0
varlamore-capital,Varlamore Capital,Risk Curators,avax_core,1,1,224,224,16.76851,125302.50200000001,125285.73349000001,0.00013382422323857506,2.0,0.88411,low_tvl_on_avax,lt_10k,1.0,1,1,core_eligible,,0.88411,censored,
vaultlayer,VaultLayer,Liquid Staking,total_only,0,1,0,265,0.0,462.57879,462.57879,0.0,0.0,0.222603,no_avax_core_history,unknown,,0,0,boundary_excluded,no_avax_core_history_total_only,0.222603,missing_avax_history,
vector-finance,Vector Finance,Yield,avax_core,1,1,1461,1461,23532.91419,23532.91419,0.0,1.0,1.0,1.0,active_on_avax,ge_10k,0.0,0,1,core_eligible,,1.0,resilient_or_unproven,0.0
vee-finance,Vee Finance,Lending,avax_core,1,1,1628,1628,13098.79528,13098.79528,0.0,1.0,1.0,1.0,active_on_avax,ge_10k,0.0,0,1,core_eligible,,1.0,structural_decay,1.0
vertex-perps,Vertex Perps,Derivatives,avax_core,1,1,340,1097,0.0,0.0,0.0,0.0,0.0,0.986301,low_tvl_on_avax,lt_10k,1.0,0,1,core_eligible,,0.986301,censored,
vesper,Vesper,Yield Aggregator,avax_core,1,1,1431,1902,0.0,35241160.95092,35241160.95092,0.0,4.0,1.0,low_tvl_on_avax,lt_10k,1.0,1,1,core_eligible,,1.0,resilient_or_unproven,0.0
vfat.io,vfat.io,Yield Aggregator,avax_core,1,1,210,638,1069456.26294,34946418.47856,33876962.21562,0.030602742984839,14.0,0.915068,active_on_avax,ge_10k,0.0,0,1,core_eligible,,0.915068,censored,
vikingsfinance,VikingsFinance,Reserve Currency,avax_core,1,1,638,638,0.0,0.0,0.0,0.0,0.0,1.0,low_tvl_on_avax,lt_10k,1.0,0,1,core_eligible,,1.0,structural_decay,1.0
volta-club,Volta Club,Reserve Currency,avax_core,1,1,1647,1647,0.0,0.0,0.0,0.0,0.0,1.0,low_tvl_on_avax,lt_10k,1.0,0,1,core_eligible,,1.0,structural_decay,1.0
volta-dao,Volta DAO,Reserve Currency,avax_core,1,1,1482,1482,0.0,0.0,0.0,0.0,0.0,1.0,low_tvl_on_avax,lt_10k,1.0,0,1,core_eligible,,1.0,structural_decay,1.0
voltz,Voltz,Derivatives,avax_core,1,1,998,1376,740.00271,236171.84292999998,235431.84021999998,0.003133323180356147,2.0,1.0,low_tvl_on_avax,lt_10k,1.0,1,1,core_eligible,,1.0,structural_decay,1.0
vortex-dao,Vortex DAO,Reserve Currency,avax_core,1,1,861,861,0.0,0.0,0.0,0.0,0.0,1.0,low_tvl_on_avax,lt_10k,1.0,0,1,core_eligible,,1.0,structural_decay,1.0
waterfall-defi,Waterfall DeFi,Yield Aggregator,avax_core,1,1,1426,1426,9479.12985,20557.064319999998,11077.934469999998,0.4611130121715745,1.0,1.0,low_tvl_on_avax,lt_10k,1.0,0,1,core_eligible,,1.0,resilient_or_unproven,0.0
whaleswap,WhaleSwap,Dexs,avax_core,1,1,1166,1341,132.29747,1618.0127699999998,1485.7152999999998,0.08176540534967472,0.0,1.0,low_tvl_on_avax,lt_10k,1.0,0,1,core_eligible,,1.0,structural_decay,1.0
wolf-safe-poor-people,Wolf Safe Poor People,Yield,total_only,0,1,0,1302,0.0,0.0,0.0,0.0,0.0,0.25,no_avax_core_history,unknown,,0,0,boundary_excluded,no_avax_core_history_total_only,0.25,missing_avax_history,
wombat-exchange,Wombat Exchange,Dexs,avax_core,1,1,845,1411,52075.96555,3470664.07475,3418588.1092000003,0.015004611344804712,4.0,1.0,active_on_avax,ge_10k,0.0,0,1,core_eligible,,1.0,resilient_or_unproven,0.0
woofi-earn,WOOFi Earn,Yield,avax_core,1,1,1210,1210,1110069.05679,6544639.58649,5434570.5297,0.1696150020363992,8.0,1.0,active_on_avax,ge_10k,0.0,0,1,core_eligible,,1.0,resilient_or_unproven,0.0
woofi-swap,WOOFi Swap,Dexs,avax_core,1,1,1459,1474,1130115.64295,5826395.474,4696279.83105,0.19396480173601066,12.0,1.0,active_on_avax,ge_10k,0.0,0,1,core_eligible,,1.0,resilient_or_unproven,0.0
wowswap,WOWswap,Dexs,avax_core,1,1,1489,1489,2890.69776,37734.428420000004,34843.73066,0.07660637463022686,1.0,1.0,low_tvl_on_avax,lt_10k,1.0,0,1,core_eligible,,1.0,resilient_or_unproven,0.0
xave-finance,Xave Finance,Dexs,avax_core,1,1,857,857,11877.3828,149710.1343,137832.7515,0.07933586363765621,2.0,1.0,active_on_avax,ge_10k,0.0,0,1,core_eligible,,1.0,resilient_or_unproven,0.0
xdollar,xDollar,CDP,avax_core,1,1,1453,1732,3287.01717,98636.77359,95349.75641999999,0.033324459533348366,2.0,1.0,low_tvl_on_avax,lt_10k,1.0,0,1,core_eligible,,1.0,structural_decay,1.0
xsy,XSY,Basis Trading,avax_core,1,1,277,277,20974668.99613,20974668.99613,0.0,1.0,1.0,0.927671,active_on_avax,ge_10k,0.0,0,1,core_eligible,,0.927671,censored,
yel-finance,Yel Finance,Yield,avax_core,1,1,267,1602,87.00594,15072.156340000001,14985.150400000002,0.005772627223159496,1.0,0.946301,low_tvl_on_avax,lt_10k,1.0,0,1,core_eligible,,0.946301,censored,
yeti-finance,Yeti Finance,CDP,avax_core,1,1,884,884,0.0,0.0,0.0,0.0,0.0,1.0,low_tvl_on_avax,lt_10k,1.0,0,1,core_eligible,,1.0,structural_decay,1.0
yetiswap,YetiSwap,Dexs,avax_core,1,1,1788,1788,9658.23658,9658.23658,0.0,1.0,0.0,1.0,low_tvl_on_avax,lt_10k,1.0,0,1,core_eligible,,1.0,resilient_or_unproven,0.0
yield-yak-aggregator,Yield Yak Aggregator,Yield Aggregator,avax_core,1,1,1568,1568,12026123.84262,15153614.36674,3127490.5241199993,0.793614219787433,2.0,1.0,active_on_avax,ge_10k,0.0,0,1,core_eligible,,1.0,resilient_or_unproven,0.0
yield-yak-staked-avax,Yield Yak Staked Avax,Liquid Staking,avax_core,1,1,1227,1227,471795.613,471795.613,0.0,1.0,1.0,1.0,active_on_avax,ge_10k,0.0,0,1,core_eligible,,1.0,resilient_or_unproven,0.0
yieldfi,YieldFi,Yield Aggregator,avax_core,1,1,193,415,23431.38964,20293894.1043,20270462.71466,0.001154602932269919,8.0,0.905753,active_on_avax,ge_10k,0.0,0,1,core_eligible,,0.905753,censored,
yieldwolf,YieldWolf,Yield,avax_core,1,1,1506,1506,38536.26182,60976.897119999994,22440.635299999994,0.6319813509723566,1.0,1.0,active_on_avax,ge_10k,0.0,0,1,core_eligible,,1.0,structural_decay,1.0
zabu-finance,Zabu Finance,Yield Aggregator,avax_core,1,1,1656,1656,5515.19518,5515.19518,0.0,1.0,0.0,1.0,low_tvl_on_avax,lt_10k,1.0,0,1,core_eligible,,1.0,structural_decay,1.0
zerobase-cedefi,ZEROBASE CeDeFi,Basis Trading,avax_core,1,1,278,278,15792.91349,56395536.11088,56379743.197390005,0.00028003836081900784,7.0,0.928493,active_on_avax,ge_10k,0.0,0,1,core_eligible,,0.928493,censored,
zeroshift,ZeroShift,Reserve Currency,avax_core,1,1,1506,1506,0.0,0.0,0.0,0.0,0.0,1.0,low_tvl_on_avax,lt_10k,1.0,0,1,core_eligible,,1.0,structural_decay,1.0
zeroswap,ZeroSwap,Dexs,total_only,0,1,0,1360,0.0,0.0,0.0,0.0,0.0,0.25,no_avax_core_history,unknown,,0,0,boundary_excluded,no_avax_core_history_total_only,0.25,missing_avax_history,
zkex,ZKEX,Dexs,avax_core,1,1,724,724,0.03117,2.0465099999999996,2.0153399999999997,0.015230807569960569,0.0,1.0,low_tvl_on_avax,lt_10k,1.0,0,1,core_eligible,,1.0,structural_decay,1.0
zookeeper,Zookeeper,Yield,avax_core,1,1,1418,1774,0.0,0.0,0.0,0.0,0.0,1.0,low_tvl_on_avax,lt_10k,1.0,0,1,core_eligible,,1.0,resilient_or_unproven,0.0
